,handle,time
0,Antoniuk,1343669400
1,Rafiki53,1390584900
2,cpphamza,1270748700
3,TheConfessor,1432060200
4,NourElRashidy,1389979800
5,MathCrusader,1442425500
6,abcdef6199,1444935600
7,TONYTRAN,1405263600
8,Misha100896,1348507800
9,Mopriestt,1338744600
10,I_love_Varechka,1400922000
11,Guliash,1360603800
12,maximumSHOT,1418495400
13,lunawyll,1397756400
14,AlvinMax,1418841000
15,kesakiyo,1406223000
16,ATofighi,1391449500
17,RemmargorP,1389979800
18,6eJIa9IzZzTeHb,1360776600
19,Finalist,1415725200
20,toomas,1417458600
21,manoprenko,1399051800
22,stuno,1401634800
23,hoangduong,1371231000
24,Edw1N_,1418841000
25,softmob,1331053200
26,I.Smirn0ff,1401471000
27,Marcil,1400693400
28,Jakube,1444156200
29,EKGMA,1401903000
30,sidhant,1406223000
31,shtorm941,1303923600
32,J_X,1422902100
33,ksjuchi,1270143900
34,omar.fmc,1417626000
35,mahbubcseju,1395509400
36,tafit3,1398619800
37,Nicola95,1391449500
38,_XuMuk_,1410111000
39,please_delete_account,1408123800
40,vinitgandhi007,1439490600
41,mredigonda,1421593200
42,rafael859,1389547800
43,felix,1344274200
44,bertho_coder,1394040600
45,bukefala,1395523800
46,bev,1400693400
47,loskutov,1417458600
48,anzu,1423938600
49,volverine,1395509400
50,NedoL,1424804400
51,about_30_ninjas,1419445800
52,Baby_Steps,1394472600
53,Ringod,1385487000
54,hiThere23,1440268200
55,Arturgo,1416742800
56,alex_bucevschi,1406489400
57,Snezhok,1406489400
58,Neverauskas,1303233300
59,hirokazu1020,1352655000
60,Dixtosa,1353945600
61,ktesar,1316797200
62,yungchienliu,1438799400
63,ajinkya1p3,1424804400
64,Tifuera,1369935000
65,mkisic,1405263600
66,sanketM,1425135600
67,cjoa,1285347600
68,kunalkukreja,1408123800
69,bixind,1411927500
70,chm517,1360603800
71,Nada,1409068800
72,drd93,1443438000
73,Muh,1362072600
74,ltjmao,1434652200
75,alapshin,1314118800
76,shivamkakkar,1422036000
77,Kuzey,1425287100
78,Smoge,1422383400
79,aka.Sohieb,1424804400
80,maha1192,1341336600
81,innok96,1411752600
82,operasfantom,1424198100
83,Harry.Guo2012,1405782000
84,edufgf,1363195800
85,SoMuchDrama,1417458600
86,av_life,1396170000
87,Un-F0cking-believable,1419960600
88,vanogam,1346088600
89,SiERic,1442425500
90,femsub,1436893800
91,ermolmak,1346434200
92,Honour_00,1372000200
93,olbabushkin,1438799400
94,Mihai22e,1360776600
95,MariaIzobava,1379698200
96,Shavkat_Aminov,1411752600
97,gvishal,1440268200
98,hsnprsd,1400175000
99,RedNextCentury,1384882500
100,Basha,1385746200
101,khadaev,1426953600
102,cong741,1406223000
103,Butane,1426617900
104,trunghai95,1438799400
105,NelsonMondialu,1365701400
106,Hellyscythe,1394991000
107,chitanda,1378548000
108,RostVel,1411752600
109,manu1311,1409068800
110,Woo,1397756400
111,Desert,1366911000
112,areke,1439490600
113,mik,1435683600
114,avv,1369935000
115,coderbd,1320865200
116,puru,1364923800
117,ThatMathGuy,1360603800
118,Eric_Valdivia,1349631000
119,rotoZOOM,1388338200
120,Badalyan_Shavarsh,1423938600
121,step_by_step,1442425500
122,shiratty8,1444648200
123,Majid,1413129600
124,Mohammad_Yasser,1394472600
125,abhishek1995,1410543000
126,gepard211,1429295400
127,LiChenKoh,1363541700
128,SaMer,1397844600
129,Anarivu,1313773200
130,hiro116s,1394991000
131,laurageorgescu,1437580800
132,Jhamra,1419445800
133,faiyaz26,1343669400
134,finish,1432319400
135,hbirler,1384882500
136,ordan,1398619800
137,ecapia,1348507800
138,tomtseng,1435421400
139,vikasgarg,1442946600
140,dark_ai,1286470800
141,franekmat,1411061400
142,Bleuj,1439231400
143,samerbekhazi,1433442600
144,Trafalgar,1443438000
145,Sokolov,1320865200
146,oxidizer,1412524800
147,Ishizu,1432665300
148,bhadra,1353087600
149,arnavkj95,1436893800
150,jin03002,1399830000
151,alexveliki,1356629700
152,asawasa,1417458600
153,fdfdfd123,1384882500
154,subhamdtu,1400922000
155,uestc-zgl,1439231400
156,whai,1382722200
157,Mrym.Rhmni,1428863400
158,nukeykt,1402682400
159,INVWVZ,1417458600
160,vpike,1394472600
161,arjundabra,1424198100
162,allllekssssa,1397756400
163,kirill146,1411061400
164,sohelH,1278694800
165,Infoshoc,1352655000
166,Tung_Duong,1415725200
167,prog-hero,1418841000
168,Rostislav_the_great,1383386400
169,UESTC_Sphinx,1437580800
170,ec24,1435421400
171,gorbunov,1334401200
172,hexiecs,1417458600
173,Bat-Orgil,1430418600
174,flyman3046,1411225200
175,Orenji.Sora,1430418600
176,Twenty_Fifteen,1447612500
177,Batman,1416597600
178,vanessi,1434134700
179,polingy,1394040600
180,ng420,1381426200
181,IanCastro,1413129600
182,dmikhalin,1400693400
183,eXeP,1403199000
184,rohitstm4,1412618400
185,StoneCold_,1401903000
186,duyduc.cpp,1444935600
187,GGOSinon,1443438000
188,danildudin,1408555800
189,Albafica,1400175000
190,kokokostya,1447612500
191,a305657,1374687900
192,darkstar1863,1270143900
193,Ele_Ele,1438799400
194,weeping_samael,1447612500
195,ssxiaohao,1385314200
196,kontr,1289239200
197,dragonslayerx,1391103600
198,farizazmip,1412524800
199,Fyc,1345280700
200,anubhav94,1381845600
201,nherceg,1391449500
202,vovuh,1410543000
203,AminAnvari,1413481200
204,Guty,1423938600
205,mahdigh,1422902100
206,alohayeop,1446662700
207,matinaghaei,1435421400
208,Guts,1394040600
209,batyrkhan14,1358098200
210,Ricson,1447612500
211,Rap_Promoter,1344965400
212,fadeeva.kate.22.03,1401471000
213,octopuses,1365355800
214,I_Love_Tina,1411752600
215,rickytheta,1445770800
216,zeppelin,1447612500
217,alexpizarroj,1358357400
218,Rajinikanth_,1447612500
219,ndatta,1360776600
220,tonykky,1446662700
221,baqargam,1363541700
222,MohammadAminVali,1441910400
223,giraffeh,1416597600
224,Pavluha,1401903000
225,sarveshmahajan,1384110000
226,nigus,1430418600
227,BishalG,1384882500
228,csurfer,1435421400
229,TheTerminalGuy,1370626200
230,norpadon,1398619800
231,msstar,1397844600
232,lifecodemohit,1423340100
233,dream_love,1449684300
234,sgaflv,1276189200
235,fireonice,1447612500
236,fredy.altamirano,1447612500
237,EZ_fwtt08,1412524800
238,mayorovmp,1422036000
239,myown1209,1403199000
240,yashar_sb_sb,1380648600
241,ssor96,1437580800
242,dAC.,1400175000
243,ftuknights,1405263600
244,WhatIsLove,1429036500
245,kbnzlevy,1422902100
246,I_lost_myself,1447612500
247,shanin,1419445800
248,Connorkenway,1447612500
249,rick_c137,1447612500
250,pyru,1401634800
251,maxxaon,1418841000
252,dergach,1309453200
253,redimer,1447612500
254,ednotdead,1422383400
255,leave_me_alone,1348767000
256,OriginalM,1425135600
257,Fry_guest,1399830000
258,acka1357,1426617900
259,bingfeng,1442425500
260,Deemo,1415725200
261,Konstantin.Zakharov,1385746200
262,gauravbansal20,1416597600
263,paulchen,1447612500
264,Hibbah,1406223000
265,metatron,1437580800
266,souvikkrm,1385746200
267,yevhenii_kanivets,1382722200
268,thunderking,1380648600
269,s1d_3,1435683600
270,krz,1440268200
271,tibi9876,1322931600
272,Freedom,1411927500
273,bohuss,1278694800
274,RomanDerkach,1397844600
275,Alex_PKZDL,1432060200
276,Horia,1351186200
277,rashi20,1447612500
278,rpy3cpp,1429036500
279,DNNX,1277830800
280,Ahmad1,1401903000
281,Thomas66,1363887000
282,DaemonGinger,1432319400
283,dapatil,1447612500
284,paul-g,1355054400
285,claus_spb,1409391000
286,NeSumHaker,1410543000
287,OmarHashim,1427394600
288,subway,1377883800
289,std11,1444648200
290,vanche,1394040600
291,RomeoFantastik,1395509400
292,RedStone,1424804400
293,sqr_hussain,1402682400
294,mladia163,1435421400
295,mostafa_9a7c2,1430418600
296,baobab,1455993300
297,mskd96,1432060200
298,vidhan,1435171200
299,arkahjp,1416597600
300,Baileys,1439490600
301,Mamedov,1408555800
302,lucifer2709,1405612800
303,MicGor,1427394600
304,KirillShin,1443438000
305,Truncourist,1423938600
306,boomshine,1432060200
307,Divide_By_0,1433604600
308,Yousry,1424198100
309,vrobert,1417626000
310,code_name_d,1430073000
311,martins256,1267970400
312,dthangnguyen19,1443897900
313,master_j,1352052000
314,smaralda,1442946600
315,Cyber,1357666200
316,dashakisik,1431023400
317,Verano,1447612500
318,add1ctus,1404659100
319,delacour01,1447612500
320,javacoder1,1439231400
321,biran0079,1444156200
322,ZhouXingXings,1411752600
323,Constructor7,1448991300
324,NimaV,1363195800
325,Ifugao,1447612500
326,xgreenx9999,1465410900
327,Nadezhda,1299348000
328,xashru,1437580800
329,ptnk_1215_panaka_13,1350810600
330,Velter,1411752600
331,fofao_funk,1447612500
332,higazy,1475251500
333,drjohn,1382722200
334,khoaipxse02933,1380648600
335,20171231,1404659100
336,TDragos,1395509400
337,xolm,1444935600
338,Myau,1391103600
339,andreyklimkin,1380648600
340,Anuar,1385746200
341,mshokry10,1400175000
342,K.Szary,1447612500
343,Yuliy,1288026000
344,Gauss,1416742800
345,eddy,1485116100
346,kvaleriano,1434134700
347,WonderMouse,1439231400
348,vipul.jain,1401903000
349,shreeshaprabhu,1409391000
350,aostankov,1390584900
351,juju28230,1447612500
352,javelinsman,1447612500
353,stanm,1447612500
354,Frankrike,1442425500
355,dugs95,1447612500
356,pranjalr34,1418841000
357,-O.O-,1427394600
358,darkseeker,1348076700
359,nyyborn,1444156200
360,TheNormalOne,1447612500
361,maguih,1406223000
362,philologist,1398619800
363,demon_cross,1413716400
364,pppepito86,1422716400
365,sanchit_h,1298916000
366,mayankp,1453570500
367,RestlessAnchoret,1384110000
368,matipau,1447612500
369,941012,1447612500
370,liuyubobobo,1270143900
371,meintoo,1394472600
372,thethong.ngu,1415725200
373,_Madiyar,1422036000
374,egor.okhterov,1452796500
375,caoyu01,1411061400
376,mbaros,1346088600
377,VastoLorde95,1422036000
378,dkjsfkhg,1430418600
379,magnickolas,1411927500
380,luke0201,1441910400
381,FarukNane,1447612500
382,NEMAFA,1447612500
383,lone_rider,1423340100
384,iamscrew,1418495400
385,dcod,1397383200
386,andi07,1435683600
387,LeCaRiBoU,1422383400
388,avi1234,1483116300
389,crossopt,1416597600
390,KarimElSheikh,1372440600
391,IDrandom,1437580800
392,Baqtraqking,1409391000
393,skull_crusher,1401471000
394,Rubicman,1442946600
395,graciocode,1418841000
396,Illidan,1408555800
397,Murtazo.Ali,1429036500
398,Favorite,1422383400
399,I_am_sec-c,1446662700
400,LeiQ,1435171200
401,Yura_Sultonov,1410543000
402,sea_snell,1435171200
403,Mansurbek,1435683600
404,3_question,1418495400
405,lovehy,1444156200
406,strange_voice,1442425500
407,I_love_Hoang_Minh_Trang,1410111000
408,CZWin32768,1422902100
409,sgondala2,1437580800
410,mainstring,1401903000
411,BackendDeveloper,1355679000
412,FaeeLoL1,1438799400
413,InnocentFool,1432060200
414,Shurpanchik,1416597600
415,hmnid,1358875800
416,zeosutt,1381845600
417,timothygk,1417626000
418,dthreatz,1443897900
419,KGZ,1428863400
420,sjo200,1447612500
421,KyntsevichVova,1423340100
422,bbackspace,1433442600
423,nobystander,1422036000
424,bktl4ever,1413129600
425,Darthron96,1448044500
426,hzfan,1447612500
427,tashikani,1438799400
428,_LeMur_,1389979800
429,pyrexshorts,1430073000
430,mahmud2690,1408555800
431,koPerNik,1363195800
432,m7mdbadawy,1372440600
433,phoenix71,1443438000
434,rsFalse,1406223000
435,iKID.Huy,1416247500
436,omar22,1425287100
437,pryanshuarora23,1422716400
438,CodeItLikeAidos,1401903000
439,bas,1355054400
440,altruist,1438799400
441,rajeevkgp,1422036000
442,HitmanBBa,1452796500
443,mohamednabil00000,1384882500
444,thezodiac1994,1411752600
445,WwhateverR,1447612500
446,motxx,1448390100
447,mohan1005k,1405782000
448,modrekiladze,1428863400
449,mr_justadog,1379698200
450,b4world,1388338200
451,htzfun,1340991000
452,Daniar,1440873600
453,descrip,1426617900
454,Emruz_Hossain,1410111000
455,SpOleM,1383386400
456,nikalosaberidze,1359739800
457,greendragons,1422383400
458,sampriti,1421060400
459,Omen,1413481200
460,Xephy,1413716400
461,code_13,1418841000
462,turmoil,1424804400
463,MarinKnezevic,1418495400
464,chrome,1385746200
465,nuller,1444648200
466,gars,1415725200
467,Amr.Ayman,1441910400
468,SnapOutOfIt,1364923800
469,Mr.Awesome,1440873600
470,suigingin,1412524800
471,kshj78,1411752600
472,Gemy18,1435171200
473,eboy2914,1475251500
474,heheniyilian,1446316200
475,amanchik,1405263600
476,Farhit,1426617900
477,safarisoul,1345280700
478,never_giveup,1419960600
479,Kerim.K,1425135600
480,andreikapolin,1426953600
481,Juniorandrade,1388338200
482,el3el2,1448991300
483,Mjgonzales,1446316200
484,bhargav104,1422036000
485,shank_punk,1402682400
486,HassanAzzam,1432060200
487,PolyProgrammist,1423938600
488,Bekmyrat.A,1398176100
489,deleteeeeeeeeed,1418495400
490,khokho,1415725200
491,M.Dawwas,1422902100
492,Seif,1436893800
493,BersinSepatu,1385746200
494,jimola,1429036500
495,dwoolley3,1349631000
496,QyQ,1439490600
497,JUST.Excalibur,1447612500
498,fifiman,1424198100
499,rtheman,1408123800
500,math-is-stupid,1422383400
501,I_am_possible,1418841000
502,GuralTOO,1431023400
503,Iskandarov_Islom,1430418600
504,FlakeLCR,1413716400
505,nguyenmanhthien98,1413481200
506,cheezecake,1436893800
507,hogeover30,1285606800
508,xiper,1433442600
509,SirNickolas,1384882500
510,justinz2018,1419960600
511,Finder,1396806000
512,llaugusty,1389547800
513,Benq,1453570500
514,P___,1269680400
515,clw,1452269100
516,gdh,1425135600
517,alibi,1418495400
518,visitorIKC,1391103600
519,vanvector,1407700800
520,OMG_wc,1438799400
521,l1n4r,1389547800
522,mehrunesartem,1428174300
523,ThereIsNoSalvationForMe,1438799400
524,smx,1357666200
525,karb,1394991000
526,nasdaq,1484507100
527,Kuha,1423938600
528,gohan95,1414177800
529,Mhammad1,1422902100
530,m.boniecki,1270143900
531,ctylim,1441910400
532,imamit,1454094600
533,Teermit,1377538200
534,AICoderMike,1432060200
535,goodhope,1315058400
536,hj929,1446662700
537,pedja,1294740900
538,harword,1434652200
539,AlaaAshraf,1431023400
540,Player1_SERG,1326042000
541,LashaBukhnikashvili,1352052000
542,ivan.sachkovski,1398416400
543,Parazit,1362072600
544,mayoko,1402248600
545,MottoX,1384164000
546,Cheshulko,1401903000
547,Ralsei,1441910400
548,SpiriFlaviu,1422383400
549,MaxT,1380648600
550,PeterASteele,1440268200
551,xblwyc,1444156200
552,CtrlCV,1440873600
553,Nike_VML,1326387900
554,Sn1p3r5,1353519000
555,linrunbo,1441910400
556,prantoran,1411061400
557,ahcl,1371056400
558,YourRatzon,1404659100
559,hidora,1448390100
560,keks,1411061400
561,kopyh,1432060200
562,m.Elbarbary,1431023400
563,nc.duy,1408555800
564,agw,1368975600
565,geranazavr555,1418841000
566,vivekmufc,1411225200
567,ludirm,1579711500
568,penguinsheaven,1405263600
569,nikitin.konstantin,1570964700
570,vabs,1440873600
571,avibrat,1452796500
572,wrinx,1442425500
573,sazerterus25,1431023400
574,paulinia,1439231400
575,Mid0,1405782000
576,aranjuda,1359739800
577,openground,1461522900
578,loadinggg,1436893800
579,AhmedHamed,1377538200
580,olive,1349631000
581,surokpro,1449684300
582,ABHISHEK004,1400922000
583,victoragnez,1447612500
584,himanshujaju,1381685400
585,msagimbekov,1288454400
586,earthWalker,1370626200
587,kona,1422716400
588,Tanzir5,1408123800
589,Naoki_M,1439231400
590,lzy,1416742800
591,underSpirit,1390239000
592,MaryamG,1473791700
593,ForceMaster,1441910400
594,.OOO.,1436893800
595,drobert,1385746200
596,neerajbattan,1434652200
597,halin.george,1415725200
598,vishal20,1434134700
599,charity,1419445800
600,solonkovda,1397756400
601,neckbotov,1399051800
602,EmmanuelAC,1447612500
603,laptop_recai,1416597600
604,satyam.pandey,1432665300
605,adnaan1703,1447612500
606,thanhnhan.gl,1444935600
607,kewl,1422716400
608,Labib666,1366047300
609,Daydreamer,1389979800
610,_majid,1447612500
611,lkClare,1446662700
612,ega.volk,1441910400
613,nodim,1400922000
614,vector96,1406223000
615,shade33,1413716400
616,superark,1445770800
617,superpi83,1447612500
618,Deltadromeus,1444935600
619,argnur,1448390100
620,DmitriyH,1286470800
621,Dimi,1358694000
622,sihare123,1418495400
623,shatty,1400175000
624,faisal47,1388338200
625,ibahadir.altun,1434134700
626,pandusonu,1434134700
627,scanhex,1403199000
628,mirak94,1408555800
629,s4shyam95,1457030100
630,JKJeong,1387900800
631,KingArthur,1448390100
632,shougo.10,1447612500
633,zhussupov,1422902100
634,AndrewB330,1425135600
635,testingmyluck,1443438000
636,cheez,1398619800
637,xfce8888,1400175000
638,katan,1411225200
639,hg_pt,1437580800
640,Inactivated,1440268200
641,IsmagilS,1430073000
642,amanmittal,1395509400
643,Erfan.aa,1340559000
644,buituandai,1422383400
645,melkiy,1447612500
646,royappa,1455993300
647,Diana_arapova,1422902100
648,cephei,1399830000
649,MahanZDH,1451222400
650,eu3neuom,1426617900
651,dipta007,1417458600
652,woief,1480271700
653,Emiso,1418841000
654,pmv,1446662700
655,master_of_none,1413481200
656,ashish1729,1432319400
657,misir_ali,1442425500
658,Helena,1350810600
659,F202130100,1452796500
660,s_h_shahin,1440268200
661,kishan73,1441910400
662,moussai,1429036500
663,snacache,1396806000
664,SSRIs,1358098200
665,kfx,1446316200
666,Mr.Bird,1447612500
667,mohitbindal,1454843100
668,Elise,1444156200
669,Minhir,1454256300
670,mrBelka,1414177800
671,anhhung4u,1394472600
672,guptautkarsh2512,1438799400
673,mihaiI,1410543000
674,xDEMONx,1285002000
675,sorry_muratt,1447612500
676,cpragadeesh,1452796500
677,kylych03,1328893200
678,tgrfz,1397844600
679,Tagrimar,1487868900
680,ashipma,1425135600
681,rahulkhairwar,1459362900
682,mrvedsachdeva,1435421400
683,Denisson,1459362900
684,samatbor,1409391000
685,kittobi92,1435683600
686,khaledgamal,1435421400
687,Shlyapnik41lv,1432319400
688,victor_gaoxin,1376069400
689,rcsldav2017,1433442600
690,mosiomohsen,1328893200
691,khatribiru,1386950400
692,_Luna,1446316200
693,Swodaems,1468522200
694,programmer228,1454094600
695,ruban,1288454400
696,garnacha,1422036000
697,fnoi05cxyde,1406914200
698,Zymphony77,1411752600
699,sunt_emo,1423938600
700,wrick,1431023400
701,dihimono,1377538200
702,KIRILL_,1388338200
703,cohadar,1447612500
704,Losoama,1428863400
705,nemesis,1530461100
706,electro,1438799400
707,cecerhcp,1430073000
708,Temps,1410543000
709,Trooll,1409068800
710,CodeTamer,1431023400
711,vitconkut3,1456515900
712,vivekkumar15,1452796500
713,M.MahD,1464806100
714,Neony,1435421400
715,victorsenam,1429036500
716,yamaton,1438799400
717,sunweize36,1448044500
718,Frez,1433604600
719,MStrechen,1418495400
720,hyzzsq,1436893800
721,Opportunity,1432319400
722,vstrimaitis,1408555800
723,walama,1448044500
724,snsokolov,1437580800
725,brogram,1448044500
726,sazzach,1448991300
727,Khazhak,1422902100
728,harsh23,1418495400
729,pparwal12,1434134700
730,Mustang98,1448991300
731,dima.1.tertichny,1443897900
732,doremi,1422383400
733,Allanur,1386500400
734,husseincoder,1298916000
735,rui-de,1406489400
736,prachi7696agrawal,1454843100
737,Dutzul,1349631000
738,quandum,1348767000
739,VictorForbes,1453570500
740,asteri,1424804400
741,abshk246,1436893800
742,Blowy,1413129600
743,oamini4,1446316200
744,THOOR_999,1445770800
745,Hoi_koro,1446662700
746,kyparus,1415725200
747,Shcherbina_Mariya,1410543000
748,ahmednaoum,1436893800
749,vikrambishnoi,1411225200
750,RaifAkhmedshin,1415725200
751,TooDumbToWin,1455993300
752,smjlord068,1435683600
753,gabrielsimoes,1462991700
754,shikharid,1416742800
755,NotPassedCET4,1442425500
756,Mustafa.,1430418600
757,Lvitsa,1419960600
758,KK_ndv,1471705500
759,heimdall,1441910400
760,epeshk,1410111000
761,WeaverOrFeed,1406489400
762,APELSINCHIK,1415725200
763,z.estaji,1448390100
764,bi11a1,1459362900
765,achint_mittal,1422902100
766,mrgreen,1412618400
767,Darooha,1322240400
768,Bayan,1390584900
769,Ofegenia,1431023400
770,pm2015,1508780700
771,tdk93,1419445800
772,deepaktomar7,1449684300
773,svlads,1430073000
774,fauzdar65,1415725200
775,UpS0lver,1360776600
776,sipan17,1429295400
777,Megatvini,1432665300
778,Obk,1455993300
779,NevstruevDmitriy,1390239000
780,undercover1995,1439490600
781,abhioshar,1411061400
782,rohit25goyal,1448044500
783,TooMedium,1434134700
784,Prestige,1330543800
785,CMaster,1411061400
786,Nurul190,1422036000
787,holigan187,1394472600
788,MazArt,1329498000
789,holeguma,1445770800
790,acherepkov,1434652200
791,Gilmour,1451222400
792,tundra,1422902100
793,giusevtr,1427394600
794,utsav_deep,1360776600
795,Yousack,1437580800
796,Neekeetab,1432665300
797,sabry_ragab,1429036500
798,andreumat,1474127100
799,abhiraj26,1422383400
800,dcordb,1407519000
801,ivankrut856,1439231400
802,denis2111,1441910400
803,abhinavc,1413481200
804,duckladydinh,1422902100
805,nk121,1434652200
806,Rajib_119,1416597600
807,kirill.dragalov,1458383700
808,cxaphoenix,1442946600
809,Naduxa,1381685400
810,omarkhaled,1436893800
811,awoo,1422716400
812,aarjay,1380303000
813,ElShaarawy92,1455993300
814,nikitapsh1999,1465410900
815,TAPAKTAP,1444935600
816,omer,1514571000
817,grisha239,1358694000
818,jomatt,1429036500
819,lfarrives,1369935000
820,dejo,1400693400
821,paroothisumit95,1452796500
822,hxt365,1474643100
823,shark_s,1454843100
824,alichka,1450895700
825,shivamd,1419445800
826,D_Luffy,1363195800
827,begin_hs,1432319400
828,Took,1452796500
829,fange121,1436893800
830,ujzwt4it,1452796500
831,92anurag,1380907800
832,lessthanleast,1442946600
833,I_love_Cristina_Melnic,1429036500
834,biltharesatyendra,1344274200
835,ArcS,1441910400
836,samread81,1431023400
837,0lkeh,1439490600
838,Darkmaster,1432060200
839,a_nk,1406914200
840,temka_brain,1425135600
841,nagibator,1379698200
842,Trans,1410543000
843,BezrA,1410543000
844,VAVAvile,1416247500
845,pbj,1380303000
846,nicky_ua,1416742800
847,lsr10122018,1422716400
848,Michael_Carrick,1424198100
849,docodon,1417458600
850,saurabh3240,1387900800
851,wafemand,1418841000
852,rimfazqua,1416597600
853,arcanae,1452796500
854,inactive06,1449684300
855,Luminous,1446316200
856,kronos96,1442425500
857,G_P,1441910400
858,Neroo,1459362900
859,Punter,1363887000
860,Vladik,1415725200
861,anand16,1435683600
862,batoddd,1440873600
863,ltomic,1415725200
864,pH7,1452269100
865,EhtRalpmet,1425135600
866,bvd,1448390100
867,mohit2014,1452269100
868,undefThingFromUndefPlace,1430418600
869,sgsurya,1389979800
870,btrine,1415725200
871,tjandbj,1425135600
872,wyr,1406914200
873,Jumaboyev_Davlatmurod,1466188500
874,conquest,1442425500
875,sohelcseiu,1414177800
876,i_love_vaishali,1432060200
877,DieAnderen,1398176100
878,JordiR,1455393900
879,IMyself,1435421400
880,pulkitarora,1430073000
881,NURx2,1451498700
882,I_love_Thao_Vy,1440268200
883,Heartbreak_Kid,1451498700
884,wust_kesihai,1425287100
885,aldar,1344965400
886,saksham2405,1472479500
887,Hiasat,1436893800
888,Shepard_y,1470940500
889,zjwoody,1406223000
890,amdnim,1475503500
891,kshitij1114,1440268200
892,zhaohao,1442946600
893,halid,1442946600
894,Qubit01,1331919000
895,heba_gamal,1365355800
896,aleksss123,1474643100
897,tejasharne,1472063700
898,I_Love_Phuong_Linh,1415725200
899,romagolchin,1422716400
900,Spartina,1459362900
901,bruno.iljazovic,1445770800
902,Khairy,1352655000
903,Leonid_Ich,1479639900
904,r_comrad,1573922100
905,honghaijie,1345280700
906,Kig1337,1426617900
907,Kitorp,1424198100
908,Visat,1410111000
909,sagorika1996,1454094600
910,mraron,1422036000
911,An4ik.D,1294740900
912,Yhwach,1413129600
913,siddhartha4444,1436893800
914,KK_ncv91,1471705500
915,ashlamps08,1453570500
916,khonggilakhongthe51,1411225200
917,ACway,1422036000
918,TamimIqbal,1461954900
919,BakerStreet,1442425500
920,mithunmk93,1482663900
921,brucewayne123,1462991700
922,pransh,1454094600
923,alishaterian,1450895700
924,ErzhaNN,1407519000
925,.PEIN.,1318006800
926,BobLee,1368370800
927,Tripi,1448390100
928,tkw.tech.3.14,1454843100
929,routist,1425287100
930,ApachE,1394991000
931,Vindafarnah,1448991300
932,Domonion,1422383400
933,joel_moniz,1435421400
934,kverti98,1422902100
935,ToTLeS,1434652200
936,ss_nitian,1432060200
937,ChrisWu,1452269100
938,balabol,1405612800
939,harry_porter_7,1377538200
940,Alex342,1416247500
941,leviathan,1321344600
942,long_wave,1419445800
943,germanohn,1483720500
944,vlcmodan,1446316200
945,simiao,1448390100
946,alexey152,1419445800
947,saytaka,1431023400
948,slayerx,1342027800
949,apoorv92,1448991300
950,meeeep,1440268200
951,DanieV,1391103600
952,Sgauwjwjj,1424804400
953,dragangabriel,1366392600
954,ClaudiuGatina,1426617900
955,shaheen_bd,1384882500
956,smalex69,1436893800
957,Pennyroyal_Tea,1435683600
958,Rikon,1492364100
959,Tuandl,1454612700
960,valergrad,1269108000
961,veraloka,1513015500
962,manohr,1443438000
963,shurik111333,1452269100
964,coder_1560,1586707500
965,dejongh93,1464195900
966,787930982,1428863400
967,ASK_YI,1417458600
968,lnuic,1454612700
969,kautsiitd,1419960600
970,arif.ozturk,1444156200
971,bshu,1435171200
972,rodz,1422902100
973,Staelth,1394991000
974,ghost_yo,1414177800
975,Gleb_Kazantaev,1410111000
976,Calo2,1424804400
977,chetan_shukla,1426617900
978,lehaininh,1495884900
979,beeBetter,1416247500
980,xin58,1465410900
981,Klift,1490288700
982,DaiDaiBear,1442946600
983,Z-Saber,1446662700
984,rishabhtwr07,1413129600
985,JIBANCANYANG,1442946600
986,handoku,1439231400
987,ruhan.habib39,1448044500
988,ediston,1425135600
989,hamed053,1362418200
990,Erdene,1408123800
991,vipsharmavip,1416597600
992,andytosa,1481999700
993,yorker,1501432500
994,Morokei,1441910400
995,GoodGuy,1452796500
996,shashack,1448991300
997,Single_Ready_To_Mingle,1476618300
998,alkil,1441910400
999,ijnhtrgdew,1469212500
1000,chiragjn,1468522200
1001,weak_informatics,1439490600
1002,I_See_You,1430418600
1003,ankti,1423938600
1004,mukt,1328893200
1005,Ollie,1511106900
1006,jostep,1428863400
1007,tigerwangtonghu,1438799400
1008,pedulia,1526211300
1009,mohitreddy01,1448390100
1010,aham,1441910400
1011,Envyte,1448044500
1012,Sherbi7y,1422383400
1013,Boterphile,1466188500
1014,IanKlein,1565715300
1015,sparkyyyy,1441910400
1016,KK_Mr.BEAN,1454094600
1017,Grozni,1436893800
1018,Gollam_rabby,1438799400
1019,ehsanoo,1374334200
1020,Darek_,1390239000
1021,code1freak9,1388338200
1022,platypus179,1399051800
1023,panser,1416597600
1024,A__H,1432060200
1025,KOINICHI,1399830000
1026,GreatG,1442425500
1027,shivagr,1443438000
1028,ganeshk2,1422716400
1029,KK_NNXuan,1472063700
1030,fyahtech,1411927500
1031,Ahmed_Mostafa,1475251500
1032,FourFourTwo,1471705500
1033,bringBackTheGlory,1434134700
1034,SilentG,1491849300
1035,norshtein,1480271700
1036,mamun4122,1421593200
1037,_ED,1489858500
1038,NaDaAshraf,1484246100
1039,Adai_is,1432319400
1040,emalgorithm,1408555800
1041,SVK.Jr,1401903000
1042,sonlh07,1358357400
1043,I_love_Captain_America,1441910400
1044,hk2511,1472479500
1045,lipohontiu333,1448390100
1046,Farhod_Farmon,1414177800
1047,fantasyMoris,1436893800
1048,arnab_sust,1486494300
1049,Alexponomarev7,1452796500
1050,condreaflorin,1479234900
1051,codefor6768,1386950400
1052,Tanmoy_Datta,1469212500
1053,bciobanu,1455393900
1054,ansari,1501518900
1055,little_mod,1477931700
1056,Maslov,1449684300
1057,Saken,1291053600
1058,Akemi__Homura,1448390100
1059,gustavosm,1427394600
1060,wittyskull,1449684300
1061,tridorje,1406223000
1062,tapopadma,1414177800
1063,chaplin,1432060200
1064,the_art_of_war,1441910400
1065,iwashi31,1416597600
1066,Tudor67,1401903000
1067,justHusam,1397844600
1068,404Error,1410543000
1069,0xFED,1418841000
1070,MAQ678,1457349900
1071,ayushrocker92,1401634800
1072,Katuk,1449684300
1073,anirudha,1479234900
1074,hakeem,1421060400
1075,kryptox,1484246100
1076,tansongsong,1372000200
1077,shivamdixit,1388338200
1078,sanban,1424804400
1079,orshih,1477931700
1080,vmatta,1444648200
1081,ziedom,1439231400
1082,Final_Proud,1410111000
1083,BestRiven,1423938600
1084,rdiachenko,1423938600
1085,timostar1,1592928300
1086,Ahmed_Hussein_Karam,1439490600
1087,arvind_m,1455993300
1088,nandu_V,1587662100
1089,xwchen,1312722000
1090,sabbir_alam,1410111000
1091,Mustard_Chief,1441910400
1092,andre_smaira,1466706900
1093,Tanim_kuet,1480271700
1094,dorumusuroi,1443438000
1095,Information_schema,1448991300
1096,lannister123,1447612500
1097,ImagineWarrior,1390239000
1098,kyleliu,1461522900
1099,kamrul_ashraf,1519581900
1100,medra,1454612700
1101,harri,1400693400
1102,MRoy,1429036500
1103,greenadex,1440873600
1104,err0r,1462473300
1105,ShalinShah28,1433442600
1106,MosharrafOshy,1430418600
1107,sasaki_haise,1511456700
1108,merlinND,1417626000
1109,Zeron,1464195900
1110,Rudy998244353,1429036500
1111,bogdanboboc97,1423340100
1112,emamzade.bijan,1443897900
1113,mIchanic,1440873600
1114,Qudrat_Ibadullayev,1446662700
1115,ACMer_hades,1437580800
1116,swapnilsaha,1474127100
1117,dustbite,1413481200
1118,vulpe001,1418495400
1119,girish347,1410111000
1120,Motyaspr,1441910400
1121,t_zilani,1423938600
1122,zhaobing,1442425500
1123,artemqu,1437580800
1124,arturas,1340559000
1125,daiota,1423938600
1126,nikitayusupov,1422383400
1127,Ushio,1448390100
1128,mostafa_bayuomi,1464195900
1129,Hsayram,1482066300
1130,Nazikk,1424804400
1131,imswapy,1432060200
1132,Ismael_Olvera,1557851700
1133,snrahul,1386406800
1134,nabila_ahmed,1430418600
1135,vntshh,1462991700
1136,liang,1435421400
1137,Uddhav,1457349900
1138,alex_19,1349631000
1139,hla.tuan,1442425500
1140,littlel,1443897900
1141,Reem,1424804400
1142,sanaa.wadood,1482120300
1143,thedark,1465410900
1144,mole,1447612500
1145,lavee.singh,1446316200
1146,paul-lu,1440268200
1147,Takagero,1363195800
1148,Mem4ik,1409391000
1149,Passenger,1474127100
1150,TuanNM,1444935600
1151,Mohtasim,1411225200
1152,FlierKing,1442425500
1153,Tata_Simonyan,1451222400
1154,UoA_ZQC,1442425500
1155,Muchomor,1443897900
1156,protick666,1459362900
1157,olexandryermilov,1440873600
1158,priyesh001,1422716400
1159,Kirito.LVL99,1431023400
1160,Scampish,1452796500
1161,unlucky_13,1422902100
1162,ggok,1432665300
1163,tugushka,1455993300
1164,zadrga,1440268200
1165,blacktea123,1462991700
1166,Morteza.j8,1484246100
1167,MohammadFatafta,1389547800
1168,maradonah,1402248600
1169,FallenTurret,1442946600
1170,TouchMe,1465929300
1171,ol1v3r,1515170100
1172,Gi1dor,1467830100
1173,meek,1438799400
1174,i_love_math,1477931700
1175,Knight_of_Thirteen,1453570500
1176,Catifish,1431023400
1177,ZosiaLy,1432060200
1178,JoriQ,1390584900
1179,hfiuza,1476618300
1180,Aalexaa,1448991300
1181,artem28,1489858500
1182,GKHack,1465410900
1183,powersenus,1440268200
1184,Kerpoo,1419445800
1185,Akmoyu,1462991700
1186,kt_anshu,1472063700
1187,aleex,1483720500
1188,3spooky5me,1441910400
1189,alexandru-madalin.enache,1461522900
1190,Vispaar.Ariana,1429036500
1191,Arpa,1422716400
1192,Hidden191,1549814700
1193,mysskin,1432665300
1194,Vest.,1520703300
1195,asrajmane193,1435683600
1196,a12341,1435171200
1197,faroukm15,1429036500
1198,imtiaz_iu,1418495400
1199,jimng,1376069400
1200,AllDogsAreBeautiful,1426617900
1201,yarak,1422716400
1202,narendrak393,1417458600
1203,bobah,1440268200
1204,newpie,1416247500
1205,wesam_adel,1414177800
1206,Kareem_Mohamed,1474643100
1207,Jeffrey,1438799400
1208,AhmedMorgan,1489858500
1209,vladik.butko,1439231400
1210,pechavarriaa,1492792500
1211,TheOverlord,1411927500
1212,AClover,1422902100
1213,2013300262,1408123800
1214,Deathly_Hallows,1464195900
1215,dream-boy,1462473300
1216,ttt,1435171200
1217,bhawnamait,1441910400
1218,darkhorse7,1470940500
1219,yuki2006,1418841000
1220,Omarjh,1455393900
1221,codolove,1417626000
1222,aranjanthakur,1432060200
1223,holt0102,1437580800
1224,caro33,1312398000
1225,ironstark,1466188500
1226,mahim007,1515431700
1227,ivancastel,1329498000
1228,monteger,1382722200
1229,jhorvat,1440268200
1230,Abdu.Allah,1434134700
1231,ArmandNM,1391449500
1232,DeinFreund,1563122700
1233,iriszero,1448991300
1234,shuvojit,1439231400
1235,Arstine,1452269100
1236,KSCN,1428863400
1237,L_FW,1445770800
1238,Izad2,1417458600
1239,msj10031996,1474643100
1240,IssaSaba2.0,1440268200
1241,williamjli,1428863400
1242,u33how,1490288700
1243,binary_eagle,1452796500
1244,CLown1331,1455393900
1245,colin_ni,1435171200
1246,sddddgjd,1372000200
1247,decoder123,1464806100
1248,iit2014094,1483720500
1249,Denis_Kartashov,1540748100
1250,AnhTu98,1413481200
1251,draak_krijger,1435421400
1252,cr7keyurjain,1459362900
1253,Hacker228,1432060200
1254,drake14,1421060400
1255,kojak_,1361381400
1256,tejavojjala,1434652200
1257,Ramos,1455393900
1258,zhabo,1368370800
1259,ruoxuanwang,1473791700
1260,anhldt,1394040600
1261,mira318,1462644300
1262,xgrizx1,1394472600
1263,ios,1520703300
1264,RVyrodov,1462473300
1265,shakil.ahamed,1481999700
1266,A.BATJARGAL,1435421400
1267,ImAlsoJoseph,1417458600
1268,lingfeng,1448044500
1269,MohamedZain,1444935600
1270,Sabo,1477931700
1271,mjpm,1435171200
1272,o948,1280768400
1273,anhaabc,1364923800
1274,KhaledMuhammad,1423938600
1275,ZzZZzzzZZZZZzzzzzzzz,1454094600
1276,taixu,1446316200
1277,shohan_oo7,1529775300
1278,strider29,1442946600
1279,codersuruchi,1441910400
1280,logickaiser,1422383400
1281,zhan723284893,1442946600
1282,blowUpTheStonySilence,1459362900
1283,tryone,1475503500
1284,wust-lyf,1422383400
1285,neeraj1618,1421060400
1286,Mavzes,1441910400
1287,singhnishant,1411061400
1288,jhonber,1409068800
1289,beka_asd,1423938600
1290,tilyupo,1416247500
1291,kocko,1492364100
1292,MoMoBLY,1400922000
1293,rakib_ruet_13,1474643100
1294,st-Firdavs,1450895700
1295,night_mare,1443438000
1296,Shadek,1402248600
1297,HueMaster,1432319400
1298,cadenza,1412524800
1299,mahindar,1443897900
1300,111vad111,1418495400
1301,RamiZk,1468941600
1302,GoToCoding,1427394600
1303,abid1,1422383400
1304,zyyxxx,1474643100
1305,Akylbeek,1454612700
1306,tejas.pandey,1440268200
1307,vishal4556,1442425500
1308,inna,1435171200
1309,unkoll0,1475251500
1310,anshaldwivedi,1448991300
1311,Ahoma,1412618400
1312,chunkfunk,1433604600
1313,MahdiZeim,1468941600
1314,Noureldin,1418495400
1315,shrubb,1353865500
1316,Abhibansal53,1441910400
1317,Bumbler,1418495400
1318,Emsawy,1458383700
1319,Ibodullo_Yorov,1413716400
1320,mr_agha_seyed,1449684300
1321,BagInCode,1479926100
1322,ntnchandrol,1444935600
1323,The-Legend,1423938600
1324,hnvbmar,1456690200
1325,AKP,1434652200
1326,sharma7,1441910400
1327,tapan0007,1410543000
1328,shubham1694,1418841000
1329,movlro,1440873600
1330,Phoenix1369,1435421400
1331,woshishabi3,1442946600
1332,Forest_,1446662700
1333,yellowthundercat,1416597600
1334,gg.vdn1999,1467830100
1335,hevea_brasiliensis,1483720500
1336,Tanmoy1228,1422902100
1337,nitishch,1421593200
1338,ankurjain,1471705500
1339,wozszym,1416247500
1340,supernaruto16,1453570500
1341,BAPEGKA,1453570500
1342,ANT1711,1440873600
1343,moshiur.bd,1434134700
1344,darknyaz,1349976600
1345,but_newbie,1452796500
1346,vThejas,1435171200
1347,urpok,1438799400
1348,14310520317,1474127100
1349,adam.szefer,1388338200
1350,Pretest,1490810700
1351,bill_kondo,1449684300
1352,vedaanta,1435171200
1353,rhezo,1451222400
1354,Suhaylee,1358875800
1355,coderakki,1433604600
1356,BENYAM1N,1386406800
1357,spadiff,1458752400
1358,_Lucifer,1491849300
1359,shubhamgoyal__,1439490600
1360,compiler_101,1438799400
1361,metalopocalipsis,1356197400
1362,karunasagark,1422383400
1363,-is-this-fft-,1448390100
1364,ngohoang34,1448390100
1365,f1u77y,1405782000
1366,SandTea,1441910400
1367,agavrikov1989,1423938600
1368,KrylatovM,1462991700
1369,femto16,1439490600
1370,fafal_abnir,1429036500
1371,lub094,1401471000
1372,Doriath,1450895700
1373,GEEK,1490810700
1374,fnf47,1476618300
1375,xrisk,1432665300
1376,skpro19,1472063700
1377,Verstand,1468522200
1378,Alex1153,1423938600
1379,HassanYousef,1587662100
1380,FightGrovyle,1406223000
1381,naruto,1446662700
1382,DataStructer,1433442600
1383,zq13,1434652200
1384,ken_love_rin,1434134700
1385,wangzhuo,1449684300
1386,deamoon,1418841000
1387,ysxxj2,1449684300
1388,3d510,1419445800
1389,sh19910711,1299520800
1390,larneybinson,1461522900
1391,Bug,1435421400
1392,alexmir,1456515900
1393,shakil_AUST,1358875800
1394,Y.Yosu,1426617900
1395,saraguru50,1465410900
1396,okuzn,1380648600
1397,magzhan,1299520800
1398,Golabit,1322931600
1399,wj88808886,1433442600
1400,Mahmoud.Ouka,1472063700
1401,Vetriti,1430418600
1402,Far,1457349900
1403,parsa327,1454612700
1404,belesprit,1432060200
1405,johnnash,1427394600
1406,TerenceLiu,1477157700
1407,shafat_digonta,1518869100
1408,SH_HY,1439490600
1409,kissu_pari_na,1487616300
1410,HR1212,1422383400
1411,dancing_cars,1468522200
1412,deresuroberto,1430418600
1413,_1_,1422716400
1414,golovozhop,1416597600
1415,Kaktoos,1464806100
1416,canoodle,1454094600
1417,OcarisAM,1428174300
1418,Er_fun,1417626000
1419,FreeJ,1483116300
1420,rachit_123,1435683600
1421,Addy,1464806100
1422,Spolutrean,1459190100
1423,ADIEU,1474643100
1424,imulan,1435683600
1425,Renamed,1424198100
1426,saodem74,1291053600
1427,A.Magdy7,1462473300
1428,Drumea,1430418600
1429,sanket407,1465410900
1430,Sonechko,1405612800
1431,ani25,1405782000
1432,sdpsarker88,1474643100
1433,amir.mirzaei1379,1487070300
1434,______qqqqq________,1441910400
1435,rakeen,1413716400
1436,hvk3,1504280100
1437,subhajitgorai,1446662700
1438,OvidiuG,1422902100
1439,darkprinx,1430418600
1440,kartikgill,1430418600
1441,AshVinn,1435171200
1442,ReaLNero,1438799400
1443,mr234,1463423700
1444,Aagii_98,1428863400
1445,Protorianes,1590510900
1446,I_love_ProParThinkNot,1466706900
1447,Jakir_Sust,1486049700
1448,prnb22,1428174300
1449,alpercakan,1438799400
1450,s4k1b,1487616300
1451,vsp4,1454094600
1452,Tabbai,1483116300
1453,Zinia,1422902100
1454,Vlad3d,1430418600
1455,trainingtmp,1513704900
1456,afterstroy,1431023400
1457,noble,1443897900
1458,fmfkfd,1483720500
1459,hackssssss,1463423700
1460,cutrain,1363541700
1461,dantish,1416742800
1462,emotionles,1394040600
1463,markysha,1435171200
1464,TrungPhan,1433442600
1465,stefzah,1432319400
1466,akvasha,1467227100
1467,CQU-WWT,1424198100
1468,rashik004,1419960600
1469,kongroo,1448044500
1470,voquocthang,1417458600
1471,Coolness,1425135600
1472,e_coder,1438284000
1473,zackblick1234,1446662700
1474,nhatnguyendrgs,1440873600
1475,Samael,1448991300
1476,phuthuynhochienthan,1358357400
1477,Septher,1451498700
1478,bekbolotov.bolot,1413481200
1479,EfrenGonzalez,1583771700
1480,pas.andrei,1429036500
1481,cerberuss,1401634800
1482,NotMeAnyMore,1454094600
1483,hunglv.k52tncntt,1448390100
1484,nsf25,1506342900
1485,PAG,1291053600
1486,201312201401019,1443438000
1487,Ramadona22,1489858500
1488,scit,1605631800
1489,EbraM96,1527443400
1490,dasc,1492364100
1491,300iq,1454256300
1492,Ak1m,1433442600
1493,_kryptonyte_,1422036000
1494,p1p13,1467227100
1495,natashaindriani,1423340100
1496,dementyeva_ds,1435171200
1497,voxel,1508780700
1498,Jahid,1418495400
1499,samm,1432060200
1500,quake0,1423938600
1501,Raaeeiiss,1434652200
1502,bitcodeblocks,1465929300
1503,S0cI0pAtH,1484246100
1504,MohanLau,1442425500
1505,dhruv.joshi,1495310700
1506,sorry_wintermelon,1437580800
1507,nikitosoleil,1454094600
1508,Arkin,1467830100
1509,DmitryBelikov,1436893800
1510,AmrMorsy2,1480271700
1511,rahul1995,1443897900
1512,dmitry_prh,1400922000
1513,adamantium,1472479500
1514,omgcoin,1456515900
1515,marek094,1442946600
1516,mishatron,1525799100
1517,AccountChanged,1439490600
1518,y32M-71693993,1437580800
1519,Vladimir_Lenin,1468941600
1520,beshash_to_zendegi,1481042100
1521,yusufeyk,1462473300
1522,iPaul,1435421400
1523,dmitriyklebanov,1444156200
1524,amlansaha,1371231000
1525,boa,1514571000
1526,LaercioJr,1468522200
1527,Silver_,1457030100
1528,kostyaMYR,1425135600
1529,Ariful_Efath,1369935000
1530,alexandru.ghergut,1423938600
1531,M9IYM9IYM9IYM9IYM9IYM9IY,1482663900
1532,Pollux,1454094600
1533,Rip2908,1482172500
1534,diegoximenes,1374687900
1535,Kudai,1454843100
1536,Bazalt,1589714400
1537,Wael.Al.Jamal,1528731300
1538,Shayan,1431023400
1539,Borisov,1474127100
1540,despotovski01,1431023400
1541,kzanmos,1442946600
1542,ahoraSoyPeor,1454094600
1543,Daneel,1362418200
1544,PedramAghazadeh,1454094600
1545,nouret,1380303000
1546,Musuccess,1437580800
1547,Qwerty132,1454612700
1548,matnakash,1432319400
1549,fhandrei,1424198100
1550,V..,1513704900
1551,-emli-,1434134700
1552,GooYap,1463423700
1553,nikusha24,1440268200
1554,mgorvat,1322931600
1555,chihwa,1431023400
1556,-Sali-,1454256300
1557,Aimenov,1390584900
1558,NorDDay,1482172500
1559,halfyarn,1461522900
1560,IPhO,1470940500
1561,admarkov,1430418600
1562,sandro_barna,1358098200
1563,amtematem,1374334200
1564,georgerapeanu,1480271700
1565,Gotthit,1485116100
1566,mak_0111,1468522200
1567,AFN,1466706900
1568,Ihtiaz,1490810700
1569,Prometheus,1472063700
1570,MightyToMo,1475503500
1571,mixail3,1459190100
1572,dmytrii.ilchuk,1449684300
1573,sdqe,1464806100
1574,sankushgupta99,1592067900
1575,NAbdulla,1519065300
1576,whitebai,1464806100
1577,faridtsl,1448991300
1578,Eagle_Owl,1502555700
1579,demonsbane,1471705500
1580,Daryusz,1463423700
1581,kosmas,1520592000
1582,atomicenergy,1373742000
1583,no5one,1458326100
1584,Nicoshev,1438799400
1585,shahidul_brur,1504709700
1586,_chi_,1471705500
1587,send_nodes,1441910400
1588,Hussien_Ibrahiem,1481999700
1589,MrMiroslaw,1479639900
1590,PKP,1479926100
1591,_AymanSalah,1472479500
1592,tchelidze,1418841000
1593,rounakrajrnk,1431023400
1594,SniXosha,1454256300
1595,islamtaha,1493916600
1596,M2J,1452796500
1597,shaft,1480271700
1598,xplorer,1455993300
1599,dummkopf,1457030100
1600,indroneal,1520703300
1601,ds_95,1475251500
1602,Mohamed-Dimashky,1492973100
1603,r_cookie,1422716400
1604,amrondonp,1406223000
1605,Filip,1432665300
1606,GrishinD,1454256300
1607,faraonul,1450895700
1608,razouq,1515431700
1609,CurtizJ,1476529500
1610,AcPlusOne,1457349900
1611,h_noson,1462991700
1612,Kirin_29,1515170100
1613,LeontiBrechko,1483720500
1614,Snickeen,1468941600
1615,danya.smelskiy,1479639900
1616,_santyssk_,1474643100
1617,karl-marx,1510936500
1618,cristiiacob98,1438799400
1619,792188618,1419445800
1620,himanshudtu,1462473300
1621,soul7,1518617100
1622,nguyencongdat1998,1440873600
1623,Karasick,1475251500
1624,Amarilllis,1322931600
1625,s.mahdieh,1483116300
1626,chessmaster,1461522900
1627,Vladimir22,1502555700
1628,aminnajafvand,1456515900
1629,duongkhoaitay,1471705500
1630,hymsly,1467227100
1631,arjunakajoy,1443897900
1632,Dalisyron,1455993300
1633,tomb_raid3r,1484507100
1634,xracer9,1430418600
1635,dzeranov1995,1426617900
1636,dush1729,1453570500
1637,GbaBa,1547224500
1638,adir,1429036500
1639,giorgikob,1525106400
1640,AbdelRahmanEmara,1464195900
1641,rafsan_rana,1477157700
1642,VLADOSTKACHENKO,1424198100
1643,aman_4,1426617900
1644,X-ample,1422383400
1645,ivan.zharov,1499018700
1646,Anarantt,1422902100
1647,Mohammad_Shammout,1491849300
1648,shengdebao,1434134700
1649,Myrthan,1500914100
1650,SmileDog,1432060200
1651,MightyMax,1566318900
1652,Gevorkyan_Konstantin,1484246100
1653,kuroshitsuji,1474127100
1654,MrYX-Z,1438799400
1655,hyoussef,1400693400
1656,heyyeyaaeyaaaeyaeyaa,1514045100
1657,Superstorm4242,1481733300
1658,hmducanh,1464195900
1659,hoangvud,1461522900
1660,_stupid,1537547700
1661,maknunlakme,1518617100
1662,AboSalaah,1542386100
1663,code_hard123,1464195900
1664,Lkvatashidze,1513098300
1665,JackWang,1442425500
1666,alisher.turubayev,1484845500
1667,AhmetBakli,1464806100
1668,slelaron,1398619800
1669,ChandanAkiti,1534693800
1670,Double_O,1454612700
1671,AndryLat,1424198100
1672,azaxnoot,1441910400
1673,MRITuhin,1495310700
1674,Ninjo,1466188500
1675,bishwa_sust,1421060400
1676,KABD,1377538200
1677,immuntasir,1437580800
1678,Waschbar,1482663900
1679,AndreiCotor,1517589300
1680,If_Only,1440268200
1681,uttom,1424198100
1682,iSerya,1459362900
1683,otvio,1475337900
1684,sidprasad,1449684300
1685,Roket,1458752400
1686,golddove,1423340100
1687,ypizarroza,1402248600
1688,ASIB,1514571000
1689,JamesQi,1441910400
1690,HarmonyThug,1413129600
1691,ZiyaZa,1468941600
1692,Markellonchik,1462991700
1693,awaking_soul,1502555700
1694,saliii,1465410900
1695,ivkontiny,1487868900
1696,KingOfWrongAnswer,1482066300
1697,Nidala,1416597600
1698,sesshomalong,1471705500
1699,1219449592,1466188500
1700,samin_arefin,1422902100
1701,Awalid,1481042100
1702,Lena19,1467830100
1703,Creator_1493,1384882500
1704,achax,1430418600
1705,mukul_42,1505840700
1706,AliTavassoly,1479926100
1707,nervous,1434134700
1708,F02H,1444648200
1709,Tahseen,1542386100
1710,teej,1530117300
1711,DebNatkh,1435171200
1712,DysKode,1416247500
1713,lnovak,1468941600
1714,FUUUUUUUUUUUUUUUUUUUCK,1494675300
1715,qwertyuiop,1418495400
1716,jeremy624lolz,1413129600
1717,Metamorphus,1345280700
1718,gars,1415725200
1719,Vax,1405782000
1720,Illidan,1408555800
1721,nxphuc,1404659100
1722,Rostislav_the_great,1383386400
1723,StoneCold_,1401903000
1724,MottoX,1384164000
1725,little_account2,1446662700
1726,sweetsc,1331053200
1727,solonkovda,1397756400
1728,shikharid,1416742800
1729,fsps60312,1444935600
1730,Antoniuk,1343669400
1731,shaojiepao,1378548000
1732,puss_in_boots,1390239000
1733,Bredor,1391449500
1734,rpy3cpp,1429036500
1735,chitanda,1378548000
1736,Roberio,1415725200
1737,ioanandrei,1439231400
1738,dark_ai,1286470800
1739,gauravbansal20,1416597600
1740,fly100,1434134700
1741,ordyh,1354815000
1742,dergach,1309453200
1743,ASverdlov,1380303000
1744,duyduc.cpp,1444935600
1745,Jael,1410111000
1746,rednivrug15,1405782000
1747,shanin,1419445800
1748,diptesh1ce3,1422383400
1749,Labib666,1366047300
1750,visitorIKC,1391103600
1751,luoxinchen,1440873600
1752,luoyuchu,1438799400
1753,PTNK13091996,1372948200
1754,wshwsh12,1378548000
1755,arkahjp,1416597600
1756,ahcl,1371056400
1757,vivekmufc,1411225200
1758,lucifer2709,1405612800
1759,alan_navarro,1364032800
1760,fulvioabrahao,1388424600
1761,scanhex,1403199000
1762,Chuancmnr,1407519000
1763,leave_me_alone,1348767000
1764,ilya151098,1413481200
1765,Ralsei,1441910400
1766,I_love_MikhailRubinchik,1413481200
1767,alexveliki,1356629700
1768,anubhav94,1381845600
1769,devanshg27,1440873600
1770,vikasgarg,1442946600
1771,kverti98,1422902100
1772,Farhit,1426617900
1773,I_Love_Tina,1411752600
1774,CaptainHarry,1423938600
1775,please_delete_account,1408123800
1776,Ringod,1385487000
1777,Kuzey,1425287100
1778,CZWin32768,1422902100
1779,leviathan,1321344600
1780,IlyaCk,1308589200
1781,venkat82,1416247500
1782,luke0201,1441910400
1783,yash96.trivedi,1446662700
1784,Shayan,1431023400
1785,linpaws,1439490600
1786,Nike_VML,1326387900
1787,cmzuluagam,1363541700
1788,HannaYz,1418495400
1789,tungtinhoctre126,1435171200
1790,INVWVZ,1417458600
1791,Ramazanacademy,1424804400
1792,graciocode,1418841000
1793,JackWang,1442425500
1794,RomeoFantastik,1395509400
1795,Diana_arapova,1422902100
1796,RedStone,1424804400
1797,diptadas,1391103600
1798,vkarthik195,1417458600
1799,Dutzul,1349631000
1800,tansongsong,1372000200
1801,Deemo,1415725200
1802,abhishek1995,1410543000
1803,bhadra,1353087600
1804,xuanquang1999,1419960600
1805,rickychandra,1435683600
1806,vanvector,1407700800
1807,coderbd,1320865200
1808,Kuha,1423938600
1809,ananth94,1430418600
1810,Spark001,1397756400
1811,LiChenKoh,1363541700
1812,SirNickolas,1384882500
1813,trunghai95,1438799400
1814,begin_hs,1432319400
1815,the_art_of_war,1441910400
1816,CtrlCV,1440873600
1817,mipt.vi002,1278694800
1818,UESTC_Sphinx,1437580800
1819,wilcot,1418495400
1820,vpike,1394472600
1821,Muchomor,1443897900
1822,maguih,1406223000
1823,awh,1431023400
1824,2030xxj,1438799400
1825,muratakburak,1389547800
1826,darkcrawler,1444935600
1827,iSlava,1391449500
1828,Woo,1397756400
1829,Tung_Duong,1415725200
1830,farizazmip,1412524800
1831,BaturaDima,1296496800
1832,13rj1115,1415725200
1833,ch0588,1363541700
1834,wyr,1406914200
1835,Charmander,1446662700
1836,abisheka,1422902100
1837,Ivan_w,1442946600
1838,zubaer.kh,1374921000
1839,smaralda,1442946600
1840,Mamedov,1408555800
1841,piglethmj,1345280700
1842,InfoG,1446662700
1843,NimaV,1363195800
1844,martins256,1267970400
1845,kirill146,1411061400
1846,AnotherRound,1442946600
1847,6eJIa9IzZzTeHb,1360776600
1848,zas409257934,1428863400
1849,Roma,1347299100
1850,timothygk,1417626000
1851,kuuso,1394040600
1852,LashaBukhnikashvili,1352052000
1853,mr_agha_seyed,1449684300
1854,abgnwl,1439490600
1855,Naduxa,1381685400
1856,ryo_issy,1343065200
1857,Castey,1405782000
1858,mssjtxwd,1310144400
1859,Yuliy,1288026000
1860,taxicoo,1416247500
1861,rafael859,1389547800
1862,bixind,1411927500
1863,SoMuchDrama,1417458600
1864,Toshad,1411061400
1865,BobLee,1368370800
1866,Fuxey,1442425500
1867,nagibator,1379698200
1868,shivamkakkar,1422036000
1869,VladYagl,1399051800
1870,Finalist,1415725200
1871,Ret,1422716400
1872,hlv_x86,1442946600
1873,PlayfulPanda,1446316200
1874,weilehuozhe1,1439490600
1875,mahbubcseju,1395509400
1876,philologist,1398619800
1877,GGOSinon,1443438000
1878,DmitryBelikov,1436893800
1879,kchromatic,1444935600
1880,FightGrovyle,1406223000
1881,Harry.Guo2012,1405782000
1882,Eopxt,1387900800
1883,pwd,1449684300
1884,hj929,1446662700
1885,ajs97,1424804400
1886,earthWalker,1370626200
1887,hiThere23,1440268200
1888,aangairbender,1363195800
1889,never_giveup,1419960600
1890,liuyubobobo,1270143900
1891,TaoSama,1416597600
1892,yermak0v,1328893200
1893,Cozma_Tudor,1397756400
1894,Sn1p3r5,1353519000
1895,myown1209,1403199000
1896,lyminghao,1443897900
1897,I_hate_CT,1448044500
1898,arjundabra,1424198100
1899,fadeeva.kate.22.03,1401471000
1900,EKGMA,1401903000
1901,yanjieru,1364923800
1902,Juve45,1417626000
1903,tanmay273,1419960600
1904,I_am_possible,1418841000
1905,Guts,1394040600
1906,balsa_kinez,1430418600
1907,sherlock_ed,1448044500
1908,matipau,1447612500
1909,lzy,1416742800
1910,kongroo,1448044500
1911,ErzhaNN,1407519000
1912,spiderbatman,1355679000
1913,abyssfish,1439231400
1914,clickme8,1406914200
1915,naij,1424804400
1916,halin.george,1415725200
1917,plain,1407519000
1918,wrinx,1442425500
1919,magemerlin,1323450300
1920,ACMood,1353346800
1921,Velter,1411752600
1922,Alladdin,1379698200
1923,gonP,1439231400
1924,souvikkrm,1385746200
1925,aenes,1448044500
1926,chengzi,1413481200
1927,ManikantanV,1415725200
1928,rtheman,1408123800
1929,nherceg,1391449500
1930,Farhod_Farmon,1414177800
1931,Omen,1413481200
1932,Matrix.code,1411061400
1933,kunalkukreja,1408123800
1934,tweety,1439231400
1935,rookie052,1340386200
1936,sasuke_uchiha,1401903000
1937,faiyaz26,1343669400
1938,SpiriFlaviu,1422383400
1939,Allanur,1386500400
1940,fest,1411225200
1941,younis,1409391000
1942,Shadow,1432319400
1943,eXeP,1403199000
1944,yic,1432060200
1945,Anuar,1385746200
1946,RostVel,1411752600
1947,TheTerminalGuy,1370626200
1948,caph1993,1442425500
1949,kronos96,1442425500
1950,igdor99,1358875800
1951,nicky_ua,1416742800
1952,Trans,1410543000
1953,VAVAvile,1416247500
1954,felix,1344274200
1955,step_by_step,1442425500
1956,lunawyll,1397756400
1957,I_am_sec-c,1446662700
1958,P___,1269680400
1959,OriginalM,1425135600
1960,ronisds,1411061400
1961,wqh,1440268200
1962,yeahpeng,1401903000
1963,xolm,1444935600
1964,naphanben,1435171200
1965,arjunsanjeev7,1409391000
1966,mycheese,1398416400
1967,ec24,1435421400
1968,flash_7,1423938600
1969,zjwoody,1406223000
1970,s.razvan,1349631000
1971,D_Luffy,1363195800
1972,Al2K,1365701400
1973,CongDuy,1424198100
1974,SmallBoy,1408555800
1975,kyparus,1415725200
1976,ankitap,1443897900
1977,Code.coding,1432319400
1978,slelaron,1398619800
1979,alibi,1418495400
1980,Envyte,1448044500
1981,shubhamvijay,1424198100
1982,Truncourist,1423938600
1983,omerssahin,1439490600
1984,shdown,1431023400
1985,snacache,1396806000
1986,codefor6768,1386950400
1987,CoDeRoK,1419960600
1988,yoones.rezaei,1360776600
1989,Me-and-Myself,1356629700
1990,suxrib,1432060200
1991,pqhieu,1409068800
1992,yellowthundercat,1416597600
1993,varun_a,1405263600
1994,reccy168,1418841000
1995,mehrunesartem,1428174300
1996,manoprenko,1399051800
1997,maxxaon,1418841000
1998,ptnk_1215_panaka_13,1350810600
1999,april1994,1378548000
2000,harri,1400693400
2001,satyam94,1406914200
2002,00001,1448044500
2003,Agabek,1386950400
2004,iKID.Huy,1416247500
2005,tilyupo,1416247500
2006,Ilya_Yakovlev,1344965400
2007,khatribiru,1386950400
2008,alexpizarroj,1358357400
2009,rafalk342,1448991300
2010,xashru,1437580800
2011,RichardF,1433442600
2012,cong741,1406223000
2013,nigus,1430418600
2014,walama,1448044500
2015,gpita,1394991000
2016,emamzade.bijan,1443897900
2017,tapan0007,1410543000
2018,wi_lius,1380648600
2019,NelsonMondialu,1365701400
2020,alapshin,1314118800
2021,Namhin,1448991300
2022,RiarioRovere,1422716400
2023,zhadizadeh,1435683600
2024,BlackTools,1448044500
2025,sahasumit288,1423938600
2026,victorsenam,1429036500
2027,LeTango,1416247500
2028,Thomas66,1363887000
2029,grayhathacker,1405782000
2030,limito,1448044500
2031,boopesh,1448044500
2032,_Luna,1446316200
2033,Honour_00,1372000200
2034,kimbbakar,1405612800
2035,Akemi__Homura,1448390100
2036,Alwahsh,1386406800
2037,cornix,1448044500
2038,maxqw1,1421593200
2039,kuldeeppatel,1428863400
2040,lingfeng,1448044500
2041,Gonnawin,1408555800
2042,bruno.iljazovic,1445770800
2043,mihaiI,1410543000
2044,hg_pt,1437580800
2045,dAC.,1400175000
2046,uestc-zgl,1439231400
2047,CUBERLEON,1418841000
2048,nazaninnnnn,1437580800
2049,Kerpoo,1419445800
2050,jk_007,1448044500
2051,superpi83,1447612500
2052,nukeykt,1402682400
2053,anhldt,1394040600
2054,xiaochua,1448390100
2055,h.nejat,1438799400
2056,KArs,1416597600
2057,diviator,1391103600
2058,Fsss,1415725200
2059,cutrain,1363541700
2060,eagle93,1382722200
2061,harsh23,1418495400
2062,bohuss,1278694800
2063,jony_cse,1422902100
2064,karan_thakkar,1422716400
2065,DeWitt,1388338200
2066,johnnash,1427394600
2067,sandro_barna,1358098200
2068,Michael_Carrick,1424198100
2069,PeterASteele,1440268200
2070,vishal20,1434134700
2071,ymondelo20,1300044600
2072,laptop_recai,1416597600
2073,talewoods,1439231400
2074,Tira,1424198100
2075,mike_live,1380648600
2076,S.Saqib,1418495400
2077,llyyff,1441910400
2078,rohanprasad,1427394600
2079,negi_magnet,1381685400
2080,ShockProof,1406223000
2081,Orenji.Sora,1430418600
2082,SAeed,1431023400
2083,xiper,1433442600
2084,amirrezam,1358357400
2085,maks1906,1394040600
2086,phantom002,1419960600
2087,underSpirit,1390239000
2088,prantoran,1411061400
2089,saurabhsuman,1390239000
2090,xwchen,1312722000
2091,ChatC,1448044500
2092,old,1408123800
2093,bobuhiro11,1435421400
2094,naman26j,1426617900
2095,Elise,1444156200
2096,tiagob.reis,1417458600
2097,rureggaeton,1357666200
2098,KishMish,1405782000
2099,shym_smv,1440268200
2100,AC_Takeoff,1433442600
2101,omelj,1448044500
2102,Freedom,1411927500
2103,ecapia,1348507800
2104,vogel,1422716400
2105,ritesh104,1329498000
2106,vishal4556,1442425500
2107,husseincoder,1298916000
2108,ashishk1994,1410543000
2109,Tawara,1432060200
2110,Zulkarnaev,1425135600
2111,Qudrat_Ibadullayev,1446662700
2112,loadinggg,1436893800
2113,cmtm4,1446316200
2114,Khina,1448044500
2115,Bharat_Gaind,1421593200
2116,neerajbattan,1434652200
2117,spica314,1435421400
2118,abhiraj26,1422383400
2119,puru,1364923800
2120,ruhan.habib39,1448044500
2121,sanchit_h,1298916000
2122,marvel308,1399830000
2123,tgrfz,1397844600
2124,I_Need_Alex_R_Coleman,1418841000
2125,javiguz,1434652200
2126,CodeItLikeAidos,1401903000
2127,Temps,1410543000
2128,pakhandi,1403199000
2129,edgarciarod,1412618400
2130,o948,1280768400
2131,khaledA,1413716400
2132,ykaya,1407519000
2133,Elouan,1402248600
2134,mahmud2690,1408555800
2135,Rasvier,1441910400
2136,slahser,1437580800
2137,conquest,1442425500
2138,DenisM,1423938600
2139,kfoozminus,1422716400
2140,halid,1442946600
2141,gleb.astashkin,1412618400
2142,skpro19,1472063700
2143,Yukii,1386950400
2144,KimNganIsDominating,1427394600
2145,Er_fun,1417626000
2146,ivanilos,1377538200
2147,Adkay,1435171200
2148,NBAH,1439231400
2149,RomanDerkach,1397844600
2150,Tanzir5,1408123800
2151,Bayan,1390584900
2152,Knigh7,1448044500
2153,bahuangliuhe,1448044500
2154,hloya_ygrt,1434652200
2155,Ubermensch,1397756400
2156,MoMoBLY,1400922000
2157,bringBackTheGlory,1434134700
2158,rajagopal_kumar,1391449500
2159,hasib,1361381400
2160,n.eugene,1385746200
2161,SpOleM,1383386400
2162,mysskin,1432665300
2163,giraffeh,1416597600
2164,jlr.terceiro,1384882500
2165,priyanshu_95,1432319400
2166,mathfinder,1454256300
2167,SandTea,1441910400
2168,Always_BaoJia,1410543000
2169,chenjunjie1994,1432060200
2170,o_mic,1410111000
2171,abelramos,1362418200
2172,heheniyilian,1446316200
2173,tahmidhamim,1358875800
2174,yungchienliu,1438799400
2175,HMK,1439490600
2176,Mohannad,1285002000
2177,OcarisAM,1428174300
2178,oleksiisosevych,1441910400
2179,trunghieu1191,1347299100
2180,dImak24,1448044500
2181,shivagr,1443438000
2182,YoussefMagdy,1448044500
2183,vrobert,1417626000
2184,ken_love_rin,1434134700
2185,EdenHazard,1432319400
2186,kapildd,1408123800
2187,Jhuni,1434134700
2188,MAQ678,1457349900
2189,spandanpathak,1363887000
2190,khadaev,1426953600
2191,rmL,1448044500
2192,catawar2,1414177800
2193,TONYTRAN,1405263600
2194,trojenguri,1440873600
2195,maverick_xiii,1404659100
2196,slade,1432665300
2197,Jahid,1418495400
2198,pranjalr34,1418841000
2199,BishalG,1384882500
2200,kokokostya,1447612500
2201,KOINICHI,1399830000
2202,CMaster,1411061400
2203,wangzhuo,1449684300
2204,TheRealRoman,1379698200
2205,michael12,1432060200
2206,ToTLeS,1434652200
2207,agw,1368975600
2208,sourrvvvyy,1441910400
2209,Only_love97,1405782000
2210,mostafa_9a7c2,1430418600
2211,altruist,1438799400
2212,Z-Saber,1446662700
2213,A.Magdy7,1462473300
2214,littleturtle,1320865200
2215,IceCocoa,1421593200
2216,Monkey_D_Luffy_1999,1454612700
2217,PoDuReM,1422383400
2218,404Error,1410543000
2219,comfi,1432319400
2220,YogyKwan,1373742000
2221,itukh,1380648600
2222,paraschadha,1438799400
2223,hsnprsd,1400175000
2224,holt0102,1437580800
2225,superark,1445770800
2226,marek094,1442946600
2227,ArielxX,1448044500
2228,GoodGuy,1452796500
2229,Seif,1436893800
2230,chenjiamin,1431023400
2231,Musuccess,1437580800
2232,forever97,1446662700
2233,olive,1349631000
2234,Jason_zjj,1435421400
2235,_samariddin_,1429036500
2236,danft,1411752600
2237,Zymphony77,1411752600
2238,moshiur.bd,1434134700
2239,mowji,1416597600
2240,Bat-Orgil,1430418600
2241,math-is-stupid,1422383400
2242,NibNalin,1459362900
2243,vkozlovs,1411752600
2244,shindannin,1270990800
2245,Batman,1416597600
2246,justdoit0989,1448044500
2247,KhaledMuhammad,1423938600
2248,agavrikov1989,1423938600
2249,krzysiek27,1422716400
2250,shivamgarg210,1442946600
2251,Sonechko,1405612800
2252,shakil_AUST,1358875800
2253,Feras.Kastantin,1442946600
2254,ngohoang34,1448390100
2255,G_lory,1454256300
2256,yang2096,1448044500
2257,Ahoma,1412618400
2258,Majid,1413129600
2259,mz_wke,1397383200
2260,olexandryermilov,1440873600
2261,ntnchandrol,1444935600
2262,amrondonp,1406223000
2263,Savaw,1451498700
2264,zkp,1413716400
2265,hoangduong,1371231000
2266,ajinkya1p3,1424804400
2267,Gauss,1416742800
2268,meintoo,1394472600
2269,yfhuang,1446662700
2270,sergio10barca,1303923600
2271,Yura_Sultonov,1410543000
2272,ABHISHEK004,1400922000
2273,dacnguyen2101,1434652200
2274,rumman_sust,1356197400
2275,tapopadma,1414177800
2276,helios1111,1448044500
2277,htbb,1378548000
2278,alishaterian,1450895700
2279,LeNhut,1448991300
2280,deinier,1379180400
2281,larneybinson,1461522900
2282,THOOR_999,1445770800
2283,bbackspace,1433442600
2284,webber_fm,1437580800
2285,AllDogsAreBeautiful,1426617900
2286,aldar,1344965400
2287,chrome,1385746200
2288,pulkitarora,1430073000
2289,femto16,1439490600
2290,redoak,1412524800
2291,drd93,1443438000
2292,alamin_sust,1380907800
2293,bayram98,1415725200
2294,Parazit_kz,1448044500
2295,fA1sEr,1468941600
2296,sChowdhuryD,1440873600
2297,ordan,1398619800
2298,Arturgo,1416742800
2299,Lostwinder,1446662700
2300,Storminteacup,1396170000
2301,Elibay,1397844600
2302,PERS,1448044500
2303,Sokolov,1320865200
2304,hinodi_1998,1419445800
2305,ssor96,1437580800
2306,gdh,1425135600
2307,SuginaMiku,1448044500
2308,aekt,1379698200
2309,Shcherbina_Mariya,1410543000
2310,__builtin__wolfy,1409068800
2311,kshj78,1411752600
2312,r3gz3n,1379180400
2313,softmob,1331053200
2314,tibi9876,1322931600
2315,eu3neuom,1426617900
2316,aleksey.gaydukov,1448044500
2317,Nyarlathotep,1442425500
2318,GoogleBot,1430418600
2319,jin03002,1399830000
2320,adnaan1703,1447612500
2321,rickytheta,1445770800
2322,Luminous,1446316200
2323,Array98,1448044500
2324,abhinavc,1413481200
2325,movlro,1440873600
2326,crossopt,1416597600
2327,cxaphoenix,1442946600
2328,chenhuan001,1352052000
2329,y32M-71693993,1437580800
2330,MihailP,1442425500
2331,TAPAKTAP,1444935600
2332,KARM,1391103600
2333,dmytrii.ilchuk,1449684300
2334,Nicola95,1391449500
2335,daga,1419445800
2336,Cyber,1357666200
2337,sampriti,1421060400
2338,Jhamra,1419445800
2339,WhatIsLove,1429036500
2340,mahdigh,1422902100
2341,zl2zl,1440873600
2342,-Morass-,1440268200
2343,Ele_Ele,1438799400
2344,nlbao,1312722000
2345,lemourin,1343669400
2346,CodeTamer,1431023400
2347,tonykky,1446662700
2348,Xrite,1435171200
2349,matinaghaei,1435421400
2350,Zool,1295978400
2351,aostankov,1390584900
2352,drjohn,1382722200
2353,ForceMaster,1441910400
2354,gepard211,1429295400
2355,awoo,1422716400
2356,sanketM,1425135600
2357,Rpd-Strike,1421593200
2358,gohan95,1414177800
2359,Musin,1433442600
2360,FlyingCat-,1442425500
2361,MRoy,1429036500
2362,yevhenii_kanivets,1382722200
2363,darsh_10,1439231400
2364,ilim,1403199000
2365,alex_19,1349631000
2366,71.mamun,1410543000
2367,f1u77y,1405782000
2368,sonlh07,1358357400
2369,DKarev,1361381400
2370,s34vv1nd,1438799400
2371,weeping_samael,1447612500
2372,MohammadAminVali,1441910400
2373,qwertyuiop,1418495400
2374,sultazat,1418495400
2375,Kig1337,1426617900
2376,duckladydinh,1422902100
2377,_santyssk_,1474643100
2378,iamscrew,1418495400
2379,indicoder,1432060200
2380,Barsic,1401903000
2381,Barmador,1442946600
2382,arpitbajaj95,1434652200
2383,wozszym,1416247500
2384,artisticoder,1459190100
2385,damphatac,1448044500
2386,andreyklimkin,1380648600
2387,s1d_3,1435683600
2388,imulan,1435683600
2389,Running_Time,1445770800
2390,salar,1358357400
2391,Sherban26,1432665300
2392,dhwanilpatel,1434652200
2393,as_couple,1490810700
2394,MazArt,1329498000
2395,descrip,1426617900
2396,Daniar,1440873600
2397,vmatta,1444648200
2398,Qbold,1434134700
2399,AnPelec,1380648600
2400,ashipma,1425135600
2401,arnavkj95,1436893800
2402,dat131199,1448044500
2403,nc.duy,1408555800
2404,NadyaM,1355054400
2405,Infoshoc,1352655000
2406,greenadex,1440873600
2407,Erilyth,1422716400
2408,metalopocalipsis,1356197400
2409,hirokazu1020,1352655000
2410,handoku,1439231400
2411,WIL,1430418600
2412,Tuandl,1454612700
2413,Mhammad1,1422902100
2414,Julia_123,1423938600
2415,mshokry10,1400175000
2416,dcordb,1407519000
2417,inactive06,1449684300
2418,CarlaZZ,1432319400
2419,sparkyyyy,1441910400
2420,long_wave,1419445800
2421,master94,1417458600
2422,mr_ivan777,1330543800
2423,AKP,1434652200
2424,ruban,1288454400
2425,Konstantin.Zakharov,1385746200
2426,Ra1nWarden,1416742800
2427,cbgiri_001,1433442600
2428,Darthron96,1448044500
2429,alohayeop,1446662700
2430,pooyankhan,1440873600
2431,sashashmor,1442946600
2432,sonjoydabnath,1412618400
2433,awelijuh,1430073000
2434,romanasa,1410111000
2435,K.Szary,1447612500
2436,gyf1995,1433604600
2437,hamlet,1435683600
2438,about_30_ninjas,1419445800
2439,naresh7406,1435683600
2440,victoragnez,1447612500
2441,reijnnn,1408123800
2442,ankitbisla21,1415725200
2443,valorwxp,1437580800
2444,KzNuRs,1444648200
2445,holeguma,1445770800
2446,ganeshk2,1422716400
2447,Poffe22,1448044500
2448,nirob_mh,1417626000
2449,subhamdtu,1400922000
2450,SVK.Jr,1401903000
2451,logickaiser,1422383400
2452,yaegashi,1428863400
2453,Twenty_Fifteen,1447612500
2454,KABD,1377538200
2455,Ernest_21,1452796500
2456,monyone,1362418200
2457,Motyaspr,1441910400
2458,lipohontiu333,1448390100
2459,licic,1440873600
2460,vulpe001,1418495400
2461,taryal,1432060200
2462,anzu,1423938600
2463,Counterexample,1427394600
2464,imswapy,1432060200
2465,femsub,1436893800
2466,vinllen,1385487000
2467,Badalyan_Shavarsh,1423938600
2468,mr_justadog,1379698200
2469,theodotos,1353519000
2470,hussien.3asem,1483720500
2471,sunweize36,1448044500
2472,dawnmist00,1448044500
2473,NoSoul,1343669400
2474,rickya,1432665300
2475,rajeevkgp,1422036000
2476,kshitij1114,1440268200
2477,thanhnhan.gl,1444935600
2478,DmitriyH,1286470800
2479,IDrandom,1437580800
2480,filyera,1396170000
2481,gobrona,1419445800
2482,wrunnery,1442946600
2483,Shlyapnik41lv,1432319400
2484,vstrimaitis,1408555800
2485,DXHPeter,1448044500
2486,IPhO,1470940500
2487,modrekiladze,1428863400
2488,lazyM,1385314200
2489,magnickolas,1411927500
2490,rahul73,1422383400
2491,Daryusz,1463423700
2492,i.trofimow,1410543000
2493,brogram,1448044500
2494,chetan_shukla,1426617900
2495,hackssssss,1463423700
2496,ZQFMGB12,1448390100
2497,JIBANCANYANG,1442946600
2498,ImAlsoJoseph,1417458600
2499,F___Society,1448044500
2500,Elk-Cloner,1399051800
2501,kimocool,1428863400
2502,vanogam,1346088600
2503,dummyshooter,1441910400
2504,ermolmak,1346434200
2505,1e18,1441910400
2506,shishirt22,1438799400
2507,amtematem,1374334200
2508,dothanhlam97,1411752600
2509,p00r,1400922000
2510,Kirill.Mikhailov,1422036000
2511,AminAnvari,1413481200
2512,Henko,1361381400
2513,ivan.sachkovski,1398416400
2514,norge,1381426200
2515,Final_Proud,1410111000
2516,code_hard123,1464195900
2517,limed,1371231000
2518,leung,1471705500
2519,ACchallenge,1433442600
2520,pH7,1452269100
2521,katan,1411225200
2522,quelanor,1434134700
2523,F02H,1444648200
2524,kojak_,1361381400
2525,littlel,1443897900
2526,JoriQ,1390584900
2527,lifecodemohit,1423340100
2528,LawrenceXavier,1442946600
2529,swust_fang,1465929300
2530,inurtas,1411752600
2531,andi07,1435683600
2532,keks,1411061400
2533,TamimIqbal,1461954900
2534,SH_HY,1439490600
2535,dorumusuroi,1443438000
2536,jhonber,1409068800
2537,Kimia.H,1379698200
2538,dimitriu_petru,1416742800
2539,rohit25goyal,1448044500
2540,yamaton,1438799400
2541,Darek_,1390239000
2542,Zvigintsev,1415725200
2543,NURx2,1451498700
2544,ThereIsNoSalvationForMe,1438799400
2545,master_of_none,1413481200
2546,nafiz6,1592067900
2547,JoseGuerra,1413481200
2548,merolish,1407519000
2549,fiter,1405263600
2550,pryanshuarora23,1422716400
2551,hypothesist,1466706900
2552,shashack,1448991300
2553,fange121,1436893800
2554,akshay_miterani,1435421400
2555,shubham31516,1421060400
2556,lehaininh,1495884900
2557,fofao_funk,1447612500
2558,mywadream,1440873600
2559,fauzdar65,1415725200
2560,BillGatesXXXNew,1439231400
2561,_greymatter,1416742800
2562,NewNick,1450895700
2563,kzanmos,1442946600
2564,barney1b,1479234900
2565,lan496,1425135600
2566,JordiR,1455393900
2567,shurik111333,1452269100
2568,FallenTurret,1442946600
2569,betadash,1403199000
2570,AbdelRahmanEmara,1464195900
2571,daulet.sergazin,1432319400
2572,fffgrdcc,1449684300
2573,dream_love,1449684300
2574,FIRE_,1450895700
2575,master-yoda,1384110000
2576,tada-s,1413716400
2577,Leonardone,1471705500
2578,THOOR_001,1448390100
2579,Akylbeek,1454612700
2580,Chalixar,1448390100
2581,codeaway,1429036500
2582,Dos,1448390100
2583,HalfBloodPrince,1462644300
2584,UtopiaBeam,1432319400
2585,delacour01,1447612500
2586,qq547276542,1448044500
2587,Daneel,1362418200
2588,speedy03,1408123800
2589,Eson,1442425500
2590,Constructor7,1448991300
2591,Emiso,1418841000
2592,froghramar,1452796500
2593,aqua4,1298138400
2594,wadhwasahil,1427394600
2595,deror1869107,1443438000
2596,TheNormalOne,1447612500
2597,thequickfox,1409391000
2598,omarkhaled,1436893800
2599,wh1027,1448390100
2600,yhylord,1443897900
2601,jxust_tj,1430418600
2602,FreeJ,1483116300
2603,iriszero,1448991300
2604,Tripi,1448390100
2605,wrick,1431023400
2606,S.Temirlan,1449684300
2607,UFBoon,1434134700
2608,dipta007,1417458600
2609,suspicio,1463423700
2610,szszsz,1442946600
2611,desai10,1455993300
2612,pandusonu,1434134700
2613,Orisano,1405782000
2614,wrg0ababd,1422383400
2615,sidprasad,1449684300
2616,1252187392,1422383400
2617,LoppA,1443438000
2618,gabrielrc,1439231400
2619,o0o0o,1433442600
2620,kontr,1289239200
2621,mamun4122,1421593200
2622,Leviii,1426617900
2623,xuweirong,1380303000
2624,cristb,1397756400
2625,kailash,1440873600
2626,kamalsam,1388424600
2627,samm,1432060200
2628,5120141477,1464806100
2629,saliii,1465410900
2630,xblwyc,1444156200
2631,Muh,1362072600
2632,x73,1488103500
2633,rushilpaul,1416742800
2634,anveshi,1409068800
2635,mathsucker,1364923800
2636,AshVinn,1435171200
2637,Jobayer__,1418495400
2638,sempav,1277830800
2639,KrylatovM,1462991700
2640,loskutov,1417458600
2641,-is-this-fft-,1448390100
2642,Louie_ru,1422902100
2643,tashikani,1438799400
2644,coder_in_use,1454612700
2645,m.Elbarbary,1431023400
2646,lkClare,1446662700
2647,pikapikachu,1427394600
2648,DataStructer,1433442600
2649,xxx_joker,1408555800
2650,techbd123,1480271700
2651,Parikh,1401634800
2652,manetsus,1398619800
2653,gustavosm,1427394600
2654,deepaktomar7,1449684300
2655,jarl93,1417458600
2656,prnb22,1428174300
2657,Ramadona22,1489858500
2658,PolyProgrammist,1423938600
2659,UnhandledException,1424198100
2660,Naoki_M,1439231400
2661,smalex69,1436893800
2662,cr7keyurjain,1459362900
2663,nobystander,1422036000
2664,ndatta,1360776600
2665,ky66111,1449684300
2666,dejongh93,1464195900
2667,ayushj10,1435421400
2668,BBuf,1466706900
2669,Gleb_Kazantaev,1410111000
2670,s_h_shahin,1440268200
2671,st-Firdavs,1450895700
2672,Aristarkh4,1453570500
2673,______qqqqq________,1441910400
2674,patchouli,1438799400
2675,BRAD_BIT,1449684300
2676,Mikhniuk,1454612700
2677,ValeriaHil,1453570500
2678,mohamednabil00000,1384882500
2679,_LeMur_,1389979800
2680,darknyaz,1349976600
2681,EhtRalpmet,1425135600
2682,CQU-WWT,1424198100
2683,DorMOUSE-None,1431023400
2684,KingArthur,1448390100
2685,CLown1331,1455393900
2686,hmnid,1358875800
2687,Joh,1428863400
2688,kyonrevens,1432665300
2689,sabry_ragab,1429036500
2690,zhakegoi,1401634800
2691,Pollux,1454094600
2692,backo,1359394200
2693,mukulchandel,1435171200
2694,balabol,1405612800
2695,KK_Mr.BEAN,1454094600
2696,Dipta_Paul,1503075900
2697,_chi_,1471705500
2698,condreaflorin,1479234900
2699,2997ms,1452269100
2700,temka_brain,1425135600
2701,Mohtasim,1411225200
2702,code_and_hack,1483720500
2703,party_up,1487415900
2704,alueft,1354968000
2705,baobab,1455993300
2706,sangshaptac,1419445800
2707,Najmuzzaman,1386950400
2708,vaibhavvasant1705,1454612700
2709,Mircea_Andrei,1466706900
2710,xgreenx9999,1465410900
2711,Nikitka_Herach,1431023400
2712,haposiwe,1453570500
2713,Hidden191,1549814700
2714,Nicoshev,1438799400
2715,Rajib_119,1416597600
2716,Recoder,1433442600
2717,superwatermelon,1427394600
2718,venkatvb,1402682400
2719,SarvagyaAgarwal,1454612700
2720,Diazzz,1465410900
2721,gcmgomes,1452796500
2722,morphEZ,1481733300
2723,ZzZZzzzZZZZZzzzzzzzz,1454094600
2724,rihaz_zahir,1424804400
2725,ilidar,1388338200
2726,ParSal,1391449500
2727,Infused,1437580800
2728,NikitaMikhaylov,1422036000
2729,031240302,1406914200
2730,uvsankar,1441910400
2731,joker007,1446662700
2732,misir_ali,1442425500
2733,AhmedZaza,1432060200
2734,tundra,1422902100
2735,mohan1005k,1405782000
2736,amoshuangyc,1442946600
2737,gstggsstt,1440873600
2738,Nazikk,1424804400
2739,1carus,1439231400
2740,Candyman,1405612800
2741,dashakisik,1431023400
2742,dilshodp,1580834100
2743,Finder,1396806000
2744,dblank,1451222400
2745,edufgf,1363195800
2746,abid1,1422383400
2747,beihai2013,1433442600
2748,Ferume,1454612700
2749,adamantium,1472479500
2750,karunk,1440268200
2751,urbanist,1453570500
2752,llaugusty,1389547800
2753,sazerterus25,1431023400
2754,arnab_sust,1486494300
2755,Golabit,1322931600
2756,qhead,1435171200
2757,20171231,1404659100
2758,sgaflv,1276189200
2759,dwoolley3,1349631000
2760,KK_ncv91,1471705500
2761,sysu_zjl,1454094600
2762,Ifugao,1447612500
2763,thezodiac1994,1411752600
2764,liastra,1451498700
2765,faroukm15,1429036500
2766,Prestige,1330543800
2767,mIchanic,1440873600
2768,heavenly_phoenix,1410111000
2769,mahmoudbadawy,1448991300
2770,llkpersonal,1398619800
2771,Rotozavr,1432665300
2772,nashir,1418841000
2773,nguyenhhien,1438799400
2774,xplorer,1455993300
2775,KarMen,1437580800
2776,Iskandarov_Islom,1430418600
2777,hnvbmar,1456690200
2778,vinitkp,1391103600
2779,ashes2ashes,1474643100
2780,no5one,1458326100
2781,mayorovmp,1422036000
2782,udashi,1486049700
2783,angelzouxin,1457349900
2784,Waegj,1411061400
2785,voquocthang,1417458600
2786,YHYCC,1467830100
2787,Kranya,1439490600
2788,canoodle,1454094600
2789,Night_Raven,1546623900
2790,Farsid,1324735200
2791,stuno,1401634800
2792,xiarain,1477157700
2793,SalmaSamy,1474127100
2794,MuRoD,1470940500
2795,paroothisumit95,1452796500
2796,ctylim,1441910400
2797,glysh,1424804400
2798,Darkdawn,1448044500
2799,kostya1996,1405612800
2800,alex_bucevschi,1406489400
2801,ASK_YI,1417458600
2802,caiocandido,1459362900
2803,ansari,1501518900
2804,comunodi,1424198100
2805,ShalinShah28,1433442600
2806,soul7,1518617100
2807,daiota,1423938600
2808,noblesse,1410111000
2809,saytaka,1431023400
2810,Shavkat_Aminov,1411752600
2811,mosiomohsen,1328893200
2812,dush1729,1453570500
2813,rafy,1511719500
2814,Lay_ec,1401471000
2815,tsiki,1417626000
2816,RVyrodov,1462473300
2817,JeSuisUneFougere,1432060200
2818,kiuny,1427394600
2819,z_shadow,1409068800
2820,diegoximenes,1374687900
2821,admarkov,1430418600
2822,2014300227,1461954900
2823,prachi7696agrawal,1454843100
2824,ale,1513704900
2825,shtanko,1435421400
2826,tanao,1421060400
2827,leo101,1435683600
2828,ravikiran0606,1475251500
2829,mirak94,1408555800
2830,Paulkub,1352655000
2831,Dr_Shadow,1519065300
2832,raihatneloy,1365701400
2833,Kudai,1454843100
2834,Marina_Drozdova,1432319400
2835,mimirrow,1280768400
2836,salsa,1400175000
2837,cpragadeesh,1452796500
2838,Danial,1465929300
2839,vivek1606,1452796500
2840,afohtim,1526211300
2841,RogueNinja,1452796500
2842,samuelfgs,1442425500
2843,DeeZL,1435683600
2844,phoenix71,1443438000
2845,Badhon,1410111000
2846,tasmeemreza,1452796500
2847,weak_informatics,1439490600
2848,bill_kondo,1449684300
2849,111vad111,1418495400
2850,deresuroberto,1430418600
2851,Juniorandrade,1388338200
2852,zhaobing,1442425500
2853,0pangktey0,1464806100
2854,pas.andrei,1429036500
2855,alexandru-madalin.enache,1461522900
2856,ima_ima_go,1489598100
2857,Prometheus,1472063700
2858,chengjian,1449684300
2859,kujta1,1297447200
2860,valergrad,1269108000
2861,bukefala,1395523800
2862,jerrylinew,1416597600
2863,Fadi_MS,1448991300
2864,marcospaulo,1455993300
2865,binary_eagle,1452796500
2866,stefansav,1455393900
2867,Emsawy,1458383700
2868,fallensoul,1423340100
2869,Valk628,1446316200
2870,fafal_abnir,1429036500
2871,PG_LoLo,1479639900
2872,kuna,1434652200
2873,sean617,1416742800
2874,IlhomjonMuxtorov,1515170100
2875,MohanLau,1442425500
2876,blackmao,1599925500
2877,Red_Roses,1438799400
2878,OvidiuG,1422902100
2879,r_comrad,1573922100
2880,killjee,1453570500
2881,soma12,1439490600
2882,mertiya,1413481200
2883,M2J,1452796500
2884,mbaros,1346088600
2885,chuka231,1585931700
2886,rimfazqua,1416597600
2887,saar2119,1446316200
2888,Sleeping_Monkey,1426953600
2889,abhinavaggarwal,1441910400
2890,parijat10,1408555800
2891,stanm,1447612500
2892,samin_arefin,1422902100
2893,mainstring,1401903000
2894,cositogb,1442946600
2895,amyu,1439490600
2896,illumoriarty,1454843100
2897,CarlosGoogles,1528731300
2898,Obk,1455993300
2899,whitebai,1464806100
2900,ss_nitian,1432060200
2901,halfyarn,1461522900
2902,bingfeng,1442425500
2903,SrGrace,1443438000
2904,zeosutt,1381845600
2905,Morteza.j8,1484246100
2906,obidan,1426617900
2907,tkw.tech.3.14,1454843100
2908,dream-boy,1462473300
2909,L1937434926,1470585900
2910,dragangabriel,1366392600
2911,MahmoudAGawad,1400693400
2912,aranjuda,1359739800
2913,artemqu,1437580800
2914,chdn,1435683600
2915,all_out,1454843100
2916,Silver_,1457030100
2917,KK_ndv,1471705500
2918,ahmednaoum,1436893800
2919,_Na2Th,1434652200
2920,sipan17,1429295400
2921,loptruongloptin,1446662700
2922,bhutraaditya,1385487000
2923,torquecode,1456515900
2924,areke,1439490600
2925,Kerim.K,1425135600
2926,A__H,1432060200
2927,_Lucifer,1491849300
2928,andreikapolin,1426953600
2929,Amiri,1475251500
2930,uSeemSurprised,1403199000
2931,OMG_wc,1438799400
2932,ysxxj2,1449684300
2933,Spolutrean,1459190100
2934,smahdavi4,1438799400
2935,Krktv,1430418600
2936,LAO,1442946600
2937,balalaika,1413129600
2938,meek,1438799400
2939,rahulkhairwar,1459362900
2940,skate1998,1459190100
2941,Babich_Mikhail,1509036300
2942,kopyh,1432060200
2943,DonMichaelCorleone,1521831900
2944,Cuellius,1424804400
2945,JustInCase,1422902100
2946,mystery_boy,1284138000
2947,Gianco,1425287100
2948,finish,1432319400
2949,a1s3a,1423938600
2950,Qumeric,1396806000
2951,rohitkv77,1585240500
2952,FaeeLoL1,1438799400
2953,ry0u_yd,1418841000
2954,SnapOutOfIt,1364923800
2955,IvanVan,1432060200
2956,Omrigan,1443438000
2957,MahanZDH,1451222400
2958,hokekyo1210,1448991300
2959,yusufeyk,1462473300
2960,Artemsta,1358694000
2961,NotPassedCET4,1442425500
2962,I_Love_MohseN,1438799400
2963,amlansaha,1371231000
2964,vitconkut3,1456515900
2965,kostyaMYR,1425135600
2966,darkseeker,1348076700
2967,liang,1435421400
2968,prog-hero,1418841000
2969,idhamed,1430073000
2970,Erdenebayar,1459362900
2971,PekpyT,1446662700
2972,allahrbanda,1451222400
2973,linrunbo,1441910400
2974,Inactivated,1440268200
2975,sheykh,1503601500
2976,ani,1426617900
2977,MahmoudSayed,1434652200
2978,KyntsevichVova,1423340100
2979,arvind_m,1455993300
2980,higazy,1475251500
2981,Carlos,1413129600
2982,lub094,1401471000
2983,Cobalt,1415725200
2984,TVH,1449684300
2985,Hangibhom,1384882500
2986,andytosa,1481999700
2987,ramprasadh,1403199000
2988,__pikachu__,1401903000
2989,abdullayev.ahror97,1546715100
2990,in1223,1442425500
2991,t8m8,1431023400
2992,IceLady,1380303000
2993,basfor2022,1423938600
2994,Apptica,1464806100
2995,shubhamgoyal__,1439490600
2996,mras,1421593200
2997,RailtonT,1422036000
2998,lostlower,1442425500
2999,Cross,1419445800
3000,Profeeder,1451498700
3001,hegde,1411061400
3002,201312201401019,1443438000
3003,Septher,1451498700
3004,alexandru.ghergut,1423938600
3005,Dragon116rus,1454094600
3006,Kitorp,1424198100
3007,Mavzes,1441910400
3008,gigabuffoon,1468941600
3009,onisac,1481999700
3010,hack3r,1442946600
3011,Mustang98,1448991300
3012,Phuepe,1432060200
3013,routist,1425287100
3014,LaercioJr,1468522200
3015,Pashchenko,1406489400
3016,ACMer_hades,1437580800
3017,akvasha,1467227100
3018,torpedo,1431023400
3019,darkprinx,1430418600
3020,sunkuet02,1416247500
3021,Grozni,1436893800
3022,nnMan,1422716400
3023,samstikhin,1486049700
3024,Denisson,1459362900
3025,linhlc,1451498700
3026,golovozhop,1416597600
3027,nemesis,1530461100
3028,abhioshar,1411061400
3029,Mother-Fucker,1417458600
3030,KirillShin,1443438000
3031,kingofprank,1461954900
3032,Hsayram,1482066300
3033,hoangvud,1461522900
3034,ppanda,1443438000
3035,I_love_Captain_America,1441910400
3036,RamiZk,1468941600
3037,_Tani_,1483720500
3038,Emruz_Hossain,1410111000
3039,Shepard_y,1470940500
3040,Shadek,1402248600
3041,tsminh_3,1434134700
3042,Losoama,1428863400
3043,jatin_jt_narula,1486049700
3044,mrpotter,1430418600
3045,brucewayne123,1462991700
3046,Oscar,1486494300
3047,horatiu11,1380907800
3048,SLAIVI,1432060200
3049,clw,1452269100
3050,tahsynx,1423938600
3051,BAHbI4,1428863400
3052,Omarjh,1455393900
3053,DJiGIT,1390584900
3054,spliter,1451498700
3055,Helena,1350810600
3056,golikovnik,1514045100
3057,nbybyyby,1434134700
3058,Sabo,1477931700
3059,hamed053,1362418200
3060,saraguru50,1465410900
3061,S.Khansari,1467830100
3062,Deathstar,1453570500
3063,msagimbekov,1288454400
3064,GuralTOO,1431023400
3065,EfrenGonzalez,1583771700
3066,Captain_price,1480271700
3067,ZiyaZa,1468941600
3068,germanohn,1483720500
3069,Fb_by,1421060400
3070,xskhirtladze,1418841000
3071,CheburashkaS,1416597600
3072,rakeen,1413716400
3073,little_mod,1477931700
3074,If_Only,1440268200
3075,Protorianes,1590510900
3076,Abdelrahman_Radwan,1435171200
3077,kid_de,1414177800
3078,err0r,1462473300
3079,Tger,1435683600
3080,engiplayer,1499965500
3081,holahmeds,1422036000
3082,Reskip,1468522200
3083,imtiaz_iu,1418495400
3084,Noman.jessri,1472479500
3085,ryutaroikeda94,1449684300
3086,Mars314,1318006800
3087,V..,1513704900
3088,Neroo,1459362900
3089,1101,1347299100
3090,bigcrunch,1473791700
3091,ivankrut856,1439231400
3092,anshaldwivedi,1448991300
3093,Aldir,1474643100
3094,Vladimir22,1502555700
3095,dmitriyklebanov,1444156200
3096,prat33k,1489598100
3097,ahmedAbuamra,1471705500
3098,xin58,1465410900
3099,nikitapsh1999,1465410900
3100,iskein,1490810700
3101,Karimbz,1574589900
3102,Desert,1366911000
3103,vovondik2536,1428863400
3104,xkyrie,1468941600
3105,plusplus7_wolf,1376069400
3106,deshaion,1402682400
3107,SmileDog,1432060200
3108,TerMax,1422902100
3109,Bekmyrat.A,1398176100
3110,boomshine,1432060200
3111,franc,1326042000
3112,anirudha,1479234900
3113,bird_14,1454256300
3114,chihwa,1431023400
3115,DieAnderen,1398176100
3116,Aalexaa,1448991300
3117,zyyxxx,1474643100
3118,rom2718,1500914100
3119,Vasilevich,1521831900
3120,Shantanu_Tripathi,1462644300
3121,let_me_start,1425287100
3122,SashaV,1545928500
3123,HereIsTanyaRomanova,1448390100
3124,sidak,1423938600
3125,Albafica,1400175000
3126,Nurul190,1422036000
3127,Farna,1481999700
3128,artem28,1489858500
3129,khirod,1360776600
3130,Erdene,1408123800
3131,mira318,1462644300
3132,matnakash,1432319400
3133,asrajmane193,1435683600
3134,Shurpanchik,1416597600
3135,mgh_et,1440873600
3136,TurboArtem,1503075900
3137,amirhf,1481042100
3138,namdev102,1435683600
3139,syhoang_vn0808,1400175000
3140,kek,1475503500
3141,ryldr,1500914100
3142,anaonofrishvili,1525622700
3143,kissu_pari_na,1487616300
3144,aleex,1483720500
3145,fmfkfd,1483720500
3146,SEXY_LOSER,1454612700
3147,KK_NNXuan,1472063700
3148,mikkerlo,1441910400
3149,LeontiBrechko,1483720500
3150,Destr1,1517589300
3151,huyleonis,1416247500
3152,elgris,1435683600
3153,uttom,1424198100
3154,Arrin,1440268200
3155,phantom42,1459190100
3156,Ismael_Olvera,1557851700
3157,lolzano,1484845500
3158,saksham2405,1472479500
3159,omgcoin,1456515900
3160,Jeffrey,1438799400
3161,Nasik_o_O,1514045100
3162,Mohamed-Dimashky,1492973100
3163,himanshudtu,1462473300
3164,kosmas,1520592000
3165,devilsliveon,1385746200
3166,thedark,1465410900
3167,fitsh,1452269100
3168,Golovin,1459190100
3169,yakumoto100,1464195900
3170,Adai_is,1432319400
3171,G_P,1441910400
3172,TheOverlord,1411927500
3173,NAbdulla,1519065300
3174,sabbir_alam,1410111000
3175,Addy,1464806100
3176,otvio,1475337900
3177,_ED,1489858500
3178,VKundas,1425287100
3179,RaifAkhmedshin,1415725200
3180,winnerforer,1423938600
3181,nevgen,1452796500
3182,razouq,1515431700
3183,Ayazbayev_D,1455393900
3184,thiago,1434134700
3185,manzhikov,1410111000
3186,additya1998,1439490600
3187,chiselko6,1426617900
3188,dmitry_prh,1400922000
3189,susha,1424804400
3190,ArcS,1441910400
3191,Dinu_,1456515900
3192,arif.ozturk,1444156200
3193,JamieVardy,1386950400
3194,falcemmortis,1449684300
3195,MaDCaT,1441910400
3196,Blowy,1413129600
3197,misterfourtytwo,1422383400
3198,stasiek008,1434652200
3199,sebach,1443438000
3200,Nursike,1422902100
3201,MKGAURAB,1408555800
3202,hdt,1449684300
3203,k_sudharsan,1442425500
3204,Klift,1490288700
3205,kuroshitsuji,1474127100
3206,saurabh3240,1387900800
3207,ho-jo-bo-ro-lo,1372000200
3208,aznswimmerboi,1441910400
3209,chiragjn,1468522200
3210,AmrMorsy2,1480271700
3211,faisal47,1388338200
3212,cryspharos,1430418600
3213,Istar_sergei,1416597600
3214,Jesus,1298138400
3215,Borisov,1474127100
3216,7070,1442425500
3217,m.ajaj94,1422902100
3218,UESTC_tyZhang,1433442600
3219,Tata_Simonyan,1451222400
3220,inoryy,1413716400
3221,Knizhnik,1419960600
3222,ArunAr,1432665300
3223,kamrul_ashraf,1519581900
3224,luismo,1410543000
3225,heliatk,1475503500
3226,hogeover30,1285606800
3227,draak_krijger,1435421400
3228,Okay,1454843100
3229,ZAMIR77,1446316200
3230,Danylo99,1457349900
3231,UpS0lver,1360776600
3232,eduarc,1359394200
3233,siddhanjay007,1414177800
3234,redimer,1447612500
3235,drake14,1421060400
3236,voxel,1508780700
3237,rana_iu_cse,1427394600
3238,undefThingFromUndefPlace,1430418600
3239,compiler_101,1438799400
3240,slowe,1461954900
3241,flashfire,1426617900
3242,MrYX-Z,1438799400
3243,Phyber_Optik,1422383400
3244,ritece,1431023400
3245,openground,1461522900
3246,kewl,1422716400
3247,bachnx_epu,1417458600
3248,kajol_cse,1414177800
3249,YxyxyxyxyxyxyX,1429036500
3250,simiao,1448390100
3251,E-Maks,1545150900
3252,pedulia,1526211300
3253,Darui99,1477931700
3254,Jagabee,1436893800
3255,DarkknightRHZ,1465410900
3256,docodon,1417458600
3257,pichljan,1446316200
3258,Det,1459190100
3259,anastasia.tsitelova,1459190100
3260,rwali,1454843100
3261,KozhB,1472063700
3262,Calo2,1424804400
3263,takumi,1451498700
3264,utsav_deep,1360776600
3265,winjii,1423938600
3266,vntshh,1462991700
3267,Anonymous_00,1518030900
3268,Candelabra,1479639900
3269,omar22,1425287100
3270,TouchMe,1465929300
3271,I_Love_Phuong_Linh,1415725200
3272,siddhartha4444,1436893800
3273,BARF,1435171200
3274,LEo_LY,1454094600
3275,lololol,1430073000
3276,Mahmoud.Ouka,1472063700
3277,ilovekitkat,1427394600
3278,Semeniuk,1414177800
3279,PAG,1291053600
3280,ankurverma1994,1464806100
3281,batikromisourov,1452269100
3282,abhishek12,1418495400
3283,Omid_Sh,1428863400
3284,Awelless,1526211300
3285,kirill.dragalov,1458383700
3286,no_tomorrow,1412618400
3287,Ultimate_Black,1445770800
3288,smjlord068,1435683600
3289,Knight_of_Thirteen,1453570500
3290,sumit.gulati,1431023400
3291,sasaki_haise,1511456700
3292,avibrat,1452796500
3293,Markellonchik,1462991700
3294,thethong.ngu,1415725200
3295,moh.kh,1443438000
3296,rubabredwan,1439231400
3297,Hartha,1435683600
3298,Raaeeiiss,1434652200
3299,Vest.,1520703300
3300,14310520317,1474127100
3301,apoorv92,1448991300
3302,s4shyam95,1457030100
3303,MaryamG,1473791700
3304,Eumenides,1438799400
3305,caphile98,1440873600
3306,FThiesen,1495310700
3307,desikachariar,1426617900
3308,GbaBa,1547224500
3309,bondoc73,1303923600
3310,zhaohao,1442946600
3311,Bug,1435421400
3312,tigerwangtonghu,1438799400
3313,willyc20,1465410900
3314,palashshah,1504709700
3315,jillzz,1417626000
3316,MR_JokeR_DiMa,1442425500
3317,hnust_zhaozhixuan,1452269100
3318,genz10,1435171200
3319,blacktea123,1462991700
3320,oldmonk,1288980000
3321,ds_95,1475251500
3322,Poilkx,1436893800
3323,Punter,1363887000
3324,ngsm,1568829900
3325,ludirm,1579711500
3326,Kareem_Mohamed,1474643100
3327,reconst,1305306600
3328,-emli-,1434134700
3329,C137,1466188500
3330,h1ashdr-gon,1419445800
3331,sohelcseiu,1414177800
3332,hakeem,1421060400
3333,andreumat,1474127100
3334,FlierKing,1442425500
3335,ImagineWarrior,1390239000
3336,michaeljk,1436893800
3337,MosharrafOshy,1430418600
3338,zoomswk,1449684300
3339,ilo12,1422716400
3340,Voudy,1482172500
3341,Zinia,1422902100
3342,AhmedMorgan,1489858500
3343,Tahseen,1542386100
3344,wjcwjc,1413481200
3345,gdka,1535906100
3346,yura08,1486049700
3347,henrybear327,1437580800
3348,beshash_to_zendegi,1481042100
3349,Aimenov,1390584900
3350,tranbapcaiphutho,1477931700
3351,chm517,1360603800
3352,InsomniA3278,1444156200
3353,s.mahdieh,1483116300
3354,Arpa,1422716400
3355,Wael.Al.Jamal,1528731300
3356,pepperychicken,1452269100
3357,Gotthit,1485116100
3358,Jumaboyev_Davlatmurod,1466188500
3359,NirShalmon,1465929300
3360,chessmaster,1461522900
3361,bacthosan195,1441910400
3362,mansor,1531157700
3363,alexb007,1443438000
3364,Lixoskywalker,1453570500
3365,tridorje,1406223000
3366,sdqe,1464806100
3367,mahim007,1515431700
3368,abhishek20113,1480271700
3369,programmer228,1454094600
3370,ksohan,1480271700
3371,SilentG,1491849300
3372,Malthael,1318937400
3373,deepkasana,1422036000
3374,nandu_V,1587662100
3375,JoseAcv2,1470585900
3376,Gevorkyan_Konstantin,1484246100
3377,Nooor,1432665300
3378,tubone,1464806100
3379,Lkvatashidze,1513098300
3380,Aaronus23,1513015500
3381,Ninjo,1466188500
3382,lostbrain,1419445800
3383,tejas.pandey,1440268200
3384,wfjrmars,1399051800
3385,mostafa_bayuomi,1464195900
3386,tomb_raid3r,1484507100
3387,dummkopf,1457030100
3388,Tanmoy1228,1422902100
3389,kshitijgupta,1465410900
3390,Rikon,1492364100
3391,Hussien_Ibrahiem,1481999700
3392,OmirZhan,1304701200
3393,Ahmed_Mostafa,1475251500
3394,lessthanleast,1442946600
3395,egor.okhterov,1452796500
3396,Art,1434652200
3397,newts,1471705500
3398,aditya18,1472479500
3399,andychen,1609864500
3400,Deathly_Hallows,1464195900
3401,Warinator,1434652200
3402,yangyunlin,1574869800
3403,duy.nguyen.519,1435171200
3404,aminnajafvand,1456515900
3405,BeyondTwoSouls,1512231600
3406,bash,1454256300
3407,rashed_cse,1433604600
3408,Passenger,1474127100
3409,Smaug,1465929300
3410,samread81,1431023400
3411,2010031220,1353945600
3412,ludi1001,1435171200
3413,Created_equal,1455993300
3414,nsf25,1506342900
3415,Snickeen,1468941600
3416,Momentum,1469212500
3417,NaziOtter,1575045300
3418,Ihtiaz,1490810700
3419,Pretest,1490810700
3420,aumit,1527870900
3421,cujun,1446316200
3422,stoyan_malinin,1499798700
3423,MarceloUFG,1432319400
3424,GabrielCamargo,1469212500
3425,priyesh001,1422716400
3426,vanessi,1434134700
3427,Mickey42,1484507100
3428,dhaw92,1539362100
3429,ol1v3r,1515170100
3430,Kirito.LVL99,1431023400
3431,cerberuss,1401634800
3432,akshay_goel,1411752600
3433,Pennyroyal_Tea,1435683600
3434,Jonte_98,1461522900
3435,misclicked,1476723900
3436,AndryLat,1424198100
3437,rsFalse,1406223000
3438,Lunacy,1467830100
3439,Da7y,1491849300
3440,akobi,1541364000
3441,pimenta,1475251500
3442,Double_O,1454612700
3443,NorDDay,1482172500
3444,14given,1384110000
3445,Mohammad_Shammout,1491849300
3446,dimas.kovas,1448991300
3447,ASIB,1514571000
3448,Nidala,1416597600
